Bin ID,Completeness,Contamination,Strain heterogeneity,Relationship with oxygen,Taxonomy,Size(bp)
ART45_maxbin.004,81.06,3.40,70.59,oxic,d__Bacteria;p__Campylobacterota;c__Campylobacteria;o__Campylobacterales;f__Arcobacteraceae;g__NORP36;s__,2152667
ART45_maxbin.008,78.00,2.12,26.67,oxic,d__Bacteria;p__Campylobacterota;c__Campylobacteria;o__Campylobacterales;f__Arcobacteraceae;g__NORP36;s__,2800003
ART45_maxbin.009,77.48,1.18,100.00,oxic,d__Bacteria;p__Proteobacteria;c__Gammaproteobacteria;o__Burkholderiales;f__Nitrosomonadaceae;g__GCA-2721545;s__,1982877
ART45_maxbin.010,79.49,0.84,100.00,oxic,d__Bacteria;p__Proteobacteria;c__Gammaproteobacteria;o__UBA4486;f__UBA4486;g__SMWN01;s__,1973783
ART45_maxbin.050,80.67,1.32,37.50,oxic,d__Bacteria;p__Desulfobacterota;c__Desulfobulbia;o__Desulfobulbales;f__BM004;g__BM004;s__BM004 sp012974315,2523545
ART45_metabat2.83,83.79,2.43,0.00,oxic,d__Bacteria;p__Proteobacteria;c__Gammaproteobacteria;o__UBA4575;f__UBA4575;g__JABDMD01;s__,2145163
ART46_maxbin.016,89.89,2.67,44.44,oxic,d__Bacteria;p__Proteobacteria;c__Gammaproteobacteria;o__UBA4486;f__UBA4486;g__SMWN01;s__,2924349
ART46_maxbin.023,80.52,1.57,50.00,oxic,d__Bacteria;p__Proteobacteria;c__Gammaproteobacteria;o__Burkholderiales;f__Nitrosomonadaceae;g__GCA-2721545;s__,2437489
ART46_maxbin.025,86.04,2.39,81.82,oxic,d__Bacteria;p__Proteobacteria;c__Gammaproteobacteria;o__Pseudomonadales;f__Halieaceae;g__Halioglobus;s__,4397653
ART46_maxbin.029,79.88,4.46,22.73,oxic,d__Bacteria;p__Proteobacteria;c__Gammaproteobacteria;o__HK1;f__HK1;g__JAABYT01;s__,5435287
ART46_maxbin.038,76.95,9.65,8.00,oxic,d__Bacteria;p__Proteobacteria;c__Gammaproteobacteria;o__UBA6522;f__UBA6522;g__SMWC01;s__,4668899
ART46_maxbin.044,90.25,0.86,100.00,oxic,d__Bacteria;p__Acidobacteriota;c__UBA6911;o__RPQK01;f__;g__;s__,3738553
ART46_maxbin.050,93.10,1.57,11.11,oxic,d__Bacteria;p__Actinobacteriota;c__Acidimicrobiia;o__UBA5794;f__UBA5794;g__;s__,3589478
ART46_maxbin.051,83.81,4.11,38.46,oxic,d__Bacteria;p__Proteobacteria;c__Gammaproteobacteria;o__UBA9214;f__UBA9214;g__UBA9214;s__,2542914
ART46_maxbin.055,85.87,7.29,19.23,oxic,d__Bacteria;p__Myxococcota_A;c__UBA9160;o__UBA9160;f__UBA4427;g__UBA4427;s__,4882816
ART46_maxbin.071,95.66,4.99,0.00,oxic,d__Bacteria;p__Proteobacteria;c__Gammaproteobacteria;o__UBA4575;f__UBA4575;g__JABDMD01;s__,2913154
ART46_maxbin.076,82.29,0.86,100.00,oxic,d__Bacteria;p__Actinobacteriota;c__Acidimicrobiia;o__Acidimicrobiales;f__Ilumatobacteraceae;g__;s__,4417214
ART46_metabat2.52,75.07,1.12,50.00,oxic,d__Bacteria;p__Proteobacteria;c__Gammaproteobacteria;o__Pseudomonadales;f__HTCC2089;g__;s__,2653737
ART47_maxbin.011,82.34,1.18,100.00,oxic,d__Bacteria;p__Acidobacteriota;c__UBA6911;o__RPQK01;f__;g__;s__,3056014
ART47_maxbin.012,90.22,5.48,9.09,oxic,d__Bacteria;p__Proteobacteria;c__Gammaproteobacteria;o__HK1;f__HK1;g__JAABYT01;s__,4719925
ART47_maxbin.017,86.81,4.48,36.36,oxic,d__Bacteria;p__Proteobacteria;c__Gammaproteobacteria;o__Burkholderiales;f__Nitrosomonadaceae;g__GCA-2721545;s__GCA-2721545 sp003230615,2751746
ART47_maxbin.029,81.37,4.19,48.57,oxic,d__Bacteria;p__Nitrospirota;c__Nitrospiria;o__Nitrospirales;f__UBA8639;g__UBA8639;s__,3493646
ART47_maxbin.033,80.64,3.04,40.00,oxic,d__Bacteria;p__Proteobacteria;c__Gammaproteobacteria;o__Pseudomonadales;f__HTCC2089;g__;s__,3606931
ART47_maxbin.046,90.98,2.04,66.67,oxic,d__Bacteria;p__Actinobacteriota;c__Acidimicrobiia;o__UBA5794;f__ZC4RG35;g__SZUA-217;s__,3905345
ART47_maxbin.052,84.15,0.16,100.00,oxic,d__Bacteria;p__Chloroflexota;c__Anaerolineae;o__Anaerolineales;f__E44-bin32;g__W1033;s__,3881923
ART47_maxbin.062,93.10,0.16,100.00,oxic,d__Bacteria;p__;c__;o__;f__;g__;s__,1956415
ART47_metabat2.6,84.81,0.60,50.00,oxic,d__Bacteria;p__Proteobacteria;c__Gammaproteobacteria;o__UBA4575;f__UBA4575;g__JABDMD01;s__,1993881
ART47_metabat2.85,76.72,0.16,100.00,oxic,d__Bacteria;p__Desulfobacterota_D;c__UBA1144;o__UBA2774;f__UBA2774;g__CR02bin9;s__CR02bin9 sp004356555,1112634
ART48_maxbin.021,77.90,4.52,66.67,oxic,d__Bacteria;p__Acidobacteriota;c__UBA6911;o__RPQK01;f__;g__;s__,3137542
ART48_maxbin.026,75.77,3.40,16.36,oxic,d__Bacteria;p__Proteobacteria;c__Gammaproteobacteria;o__Enterobacterales;f__Alteromonadaceae;g__Thalassomonas;s__,5641315
ART49_maxbin.008,81.06,4.52,25.00,oxic,d__Bacteria;p__Proteobacteria;c__Gammaproteobacteria;o__Burkholderiales;f__Nitrosomonadaceae;g__GCA-2721545;s__,2487102
ART49_maxbin.019,75.61,4.61,25.00,oxic,d__Bacteria;p__Proteobacteria;c__Gammaproteobacteria;o__Arenicellales;f__RKSH01;g__;s__,2908763
ART50_maxbin.006,86.55,2.46,50.00,oxic,d__Bacteria;p__Proteobacteria;c__Gammaproteobacteria;o__Burkholderiales;f__Nitrosomonadaceae;g__GCA-2721545;s__,2377904
ART50_maxbin.015,89.53,5.88,26.09,oxic,d__Bacteria;p__Proteobacteria;c__Gammaproteobacteria;o__Pseudomonadales;f__Halieaceae;g__Halioglobus;s__,4617362
ART50_maxbin.018,85.14,7.30,10.53,oxic,d__Bacteria;p__Proteobacteria;c__Gammaproteobacteria;o__GCA-2729495;f__GCA-2729495;g__;s__,3865221
ART50_maxbin.109,78.24,1.97,0.00,oxic,d__Bacteria;p__Proteobacteria;c__Gammaproteobacteria;o__Coxiellales;f__Coxiellaceae;g__2-12-FULL-42-15;s__,2381072
ART50_metabat2.39,93.73,0.00,0.00,oxic,d__Bacteria;p__Proteobacteria;c__Gammaproteobacteria;o__UBA4575;f__UBA4575;g__JABDMD01;s__,2127504
CIGOMA4_maxbin.004,75.86,0.00,0.00,oxic,d__Bacteria;p__Methylomirabilota;c__Methylomirabilia;o__Methylomirabilales;f__CSP1-5;g__CSP1-5;s__CSP1-5 sp012974305,2522162
CIGOMA4_maxbin.009,80.01,5.0,12.50,oxic,d__Bacteria;p__Proteobacteria;c__Gammaproteobacteria;o__GCA-2729495;f__GCA-2729495;g__;s__,5553579
CIGOMD18_maxbin.001,93.00,0.03,100.00,anoxic,d__Bacteria;p__Desulfobacterota;c__Syntrophobacteria;o__BM002;f__BM002;g__BM002;s__,3023049
CIGOMD18_maxbin.003,94.36,3.95,0.00,anoxic,d__Bacteria;p__Proteobacteria;c__Gammaproteobacteria;o__AKS1;f__AKS1;g__Sulfuriflexus;s__,4138835
CIGOMD18_maxbin.031,76.87,7.91,29.63,anoxic,d__Bacteria;p__Proteobacteria;c__Gammaproteobacteria;o__Woeseiales;f__Woeseiaceae;g__;s__,4293212
DELGOM54_maxbin.001,81.72,0.16,0.00,oxic,d__Bacteria;p__Methylomirabilota;c__Methylomirabilia;o__Methylomirabilales;f__CSP1-5;g__CSP1-5;s__CSP1-5 sp012974305,2275239
DELGOM57_maxbin.001,85.17,0.90,50.00,oxic,d__Bacteria;p__Desulfobacterota;c__Syntrophobacteria;o__BM002;f__BM002;g__BM002;s__,3483043
DELGOM57_maxbin.002,87.51,0.11,0.00,oxic,d__Bacteria;p__Proteobacteria;c__Gammaproteobacteria;o__PS1;f__Thioglobaceae;g__Ruthia;s__,1532268
DELGOM57_maxbin.003,84.61,4.23,10.00,oxic,d__Bacteria;p__Methylomirabilota;c__Methylomirabilia;o__Methylomirabilales;f__CSP1-5;g__CSP1-5;s__CSP1-5 sp012974305,3257008
DELGOM59_maxbin.007,86.15,1.52,100.00,anoxic,d__Bacteria;p__VGIX01;c__VGIX01;o__VGIX01;f__VGIX01;g__;s__,3787724
DSANT06_maxbin.002,93.72,2.29,33.33,oxic,d__Bacteria;p__Bacteroidota;c__Bacteroidia;o__Flavobacteriales;f__Flavobacteriaceae;g__Maribacter_A;s__,4138481
DSANT06_maxbin.003,84.85,7.90,33.33,oxic,d__Bacteria;p__Campylobacterota;c__Campylobacteria;o__Campylobacterales;f__Sulfurovaceae;g__Sulfurovum;s__,2174340
DSANT06_maxbin.006,85.30,8.85,15.87,oxic,d__Bacteria;p__Bacteroidota;c__Bacteroidia;o__Flavobacteriales;f__Flavobacteriaceae;g__Aureibaculum;s__,3632816
DSANT06_maxbin.014,75.42,5.81,44.12,oxic,d__Bacteria;p__Campylobacterota;c__Campylobacteria;o__Campylobacterales;f__Sulfurovaceae;g__Sulfurovum;s__,2367421
DSANT06_maxbin.016,88.98,2.61,28.57,oxic,d__Bacteria;p__Bacteroidota;c__Bacteroidia;o__Flavobacteriales;f__Flavobacteriaceae;g__Maribacter;s__,4185969
DSANT06_maxbin.019,89.51,3.92,42.86,oxic,d__Bacteria;p__Actinobacteriota;c__Acidimicrobiia;o__UBA5794;f__UBA5794;g__;s__,2881664
DSANT06_maxbin.020,89.87,7.05,47.83,oxic,d__Bacteria;p__Proteobacteria;c__Gammaproteobacteria;o__Woeseiales;f__Woeseiaceae;g__JAACFB01;s__,4151130
DSANT06_maxbin.024,75.16,1.98,42.50,oxic,d__Bacteria;p__Proteobacteria;c__Alphaproteobacteria;o__Rhodobacterales;f__Rhodobacteraceae;g__Sulfitobacter;s__,3132084
DSANT06_maxbin.029,82.76,1.72,100.00,oxic,d__Bacteria;p__Actinobacteriota;c__Acidimicrobiia;o__UBA5794;f__UBA5794;g__;s__,4577217
DSANT06_maxbin.037,79.00,0.67,50.00,oxic,d__Bacteria;p__Desulfobacterota;c__Desulfobacteria;o__Desulfobacterales;f__UBA11574;g__;s__,2906587
DSANT06_maxbin.040,83.78,0.16,0.00,oxic,d__Bacteria;p__Gemmatimonadota;c__Gemmatimonadetes;o__Longimicrobiales;f__UBA6960;g__JABDNZ01;s__,4479583
DSANT06_maxbin.045,88.59,3.81,7.69,oxic,d__Bacteria;p__Proteobacteria;c__Gammaproteobacteria;o__Xanthomonadales;f__SZUA-36;g__SZUA-36;s__,4837308
DSANT06_maxbin.071,90.36,3.76,0.00,oxic,d__Bacteria;p__Krumholzibacteriota;c__Krumholzibacteria;o__LZORAL124-64-63;f__LZORAL124-64-63;g__LZORAL124-64-63;s__,4827514
DSANT06_maxbin.074,90.20,0.00,0.00,oxic,d__Bacteria;p__Krumholzibacteriota;c__Krumholzibacteria;o__Krumholzibacteriales;f__Krumholzibacteriaceae;g__;s__,2634016
DSANT08_maxbin.002,84.90,4.83,40.00,oxic,d__Bacteria;p__Bacteroidota;c__Bacteroidia;o__Flavobacteriales;f__Flavobacteriaceae;g__Maribacter_A;s__,3852600
DSANT08_maxbin.006,96.24,0.00,0.00,oxic,d__Bacteria;p__Chloroflexota;c__Anaerolineae;o__Anaerolineales;f__E44-bin32;g__E44-bin32;s__,3034715
DSANT08_maxbin.007,89.22,1.06,88.89,oxic,d__Bacteria;p__Proteobacteria;c__Gammaproteobacteria;o__Woeseiales;f__Woeseiaceae;g__UBA1847;s__,3322259
DSANT08_maxbin.008,88.89,1.73,42.86,oxic,d__Bacteria;p__Bacteroidota;c__Bacteroidia;o__Flavobacteriales;f__Flavobacteriaceae;g__Aureibaculum;s__,3457084
DSANT08_maxbin.010,83.12,5.08,23.81,oxic,d__Bacteria;p__Proteobacteria;c__Gammaproteobacteria;o__SZUA-229;f__SZUA-229;g__GCA-2746365;s__,5825872
DSANT08_maxbin.017,87.55,4.14,35.29,oxic,d__Bacteria;p__Proteobacteria;c__Gammaproteobacteria;o__Woeseiales;f__Woeseiaceae;g__SZUA-117;s__,4731897
DSANT08_maxbin.018,82.76,0.00,0.00,oxic,d__Bacteria;p__Actinobacteriota;c__Acidimicrobiia;o__UBA5794;f__UBA5794;g__;s__,3921799
DSANT08_maxbin.019,91.72,0.16,100.00,oxic,d__Bacteria;p__Krumholzibacteriota;c__Krumholzibacteria;o__LZORAL124-64-63;f__LZORAL124-64-63;g__LZORAL124-64-63;s__,3910489
DSANT08_maxbin.020,96.36,0.80,0.00,oxic,d__Bacteria;p__Myxococcota;c__Polyangia;o__Polyangiales;f__SG8-38;g__SG8-38;s__,4346416
DSANT08_maxbin.030,98.28,0.16,100.00,oxic,d__Bacteria;p__Krumholzibacteriota;c__Krumholzibacteria;o__Krumholzibacteriales;f__Krumholzibacteriaceae;g__;s__,3235146
DSANT08_maxbin.032,80.70,5.80,31.43,oxic,d__Bacteria;p__Proteobacteria;c__Alphaproteobacteria;o__Rhodobacterales;f__Rhodobacteraceae;g__JL08;s__,3807951
DSANT08_maxbin.035,88.79,2.35,37.50,oxic,d__Bacteria;p__Fermentibacterota;c__Fermentibacteria;o__Fermentibacterales;f__Fermentibacteraceae;g__Aegiribacteria;s__,3009736
DSANT08_maxbin.037,82.76,6.90,16.67,oxic,d__Bacteria;p__Atribacterota;c__JS1;o__SB-45;f__34-128;g__34-128;s__,2329564
DSANT08_maxbin.038,84.85,5.02,9.68,oxic,d__Bacteria;p__Bacteroidota;c__Bacteroidia;o__Flavobacteriales;f__Flavobacteriaceae;g__QNYL01;s__,3277826
DSANT08_maxbin.067,76.92,8.59,23.53,oxic,d__Bacteria;p__Bacteroidota;c__Bacteroidia;o__Flavobacteriales;f__Flavobacteriaceae;g__;s__,5305148
DSANT08_maxbin.069,83.96,6.12,5.88,oxic,d__Bacteria;p__Desulfobacterota;c__DSWW01;o__DSWW01;f__DSWW01;g__S015-6;s__,5018802
DSANT09_maxbin.013,77.98,0.86,100.00,oxic,d__Bacteria;p__Actinobacteriota;c__Acidimicrobiia;o__UBA5794;f__UBA5794;g__;s__,4091344
DSANT09_maxbin.028,87.07,1.72,100.00,oxic,d__Bacteria;p__Actinobacteriota;c__Acidimicrobiia;o__UBA5794;f__UBA5794;g__;s__,2554419
DSANT09_maxbin.031,90.50,0.16,100.00,oxic,d__Bacteria;p__Proteobacteria;c__Gammaproteobacteria;o__Xanthomonadales;f__SZUA-36;g__SZUA-36;s__,4005885
DSANT09_maxbin.042,76.04,0.83,100.00,oxic,d__Bacteria;p__Desulfobacterota;c__Desulfobulbia;o__Desulfobulbales;f__Desulfocapsaceae;g__;s__,4343218
DSANT09_maxbin.069,90.29,3.61,25.00,oxic,d__Bacteria;p__Krumholzibacteriota;c__Krumholzibacteria;o__LZORAL124-64-63;f__LZORAL124-64-63;g__LZORAL124-64-63;s__,4008349
DSANT09_maxbin.070,82.39,6.47,14.58,oxic,d__Bacteria;p__Proteobacteria;c__Alphaproteobacteria;o__Rhodobacterales;f__Rhodobacteraceae;g__Roseicyclus;s__,4757306
DSANT11_maxbin.001,95.97,1.64,25.00,oxic,d__Bacteria;p__Myxococcota;c__Polyangia;o__Polyangiales;f__SG8-38;g__SG8-38;s__,4183329
DSANT11_maxbin.005,79.60,0.00,0.00,oxic,d__Bacteria;p__Actinobacteriota;c__Acidimicrobiia;o__UBA5794;f__UBA5794;g__;s__,4210959
DSANT11_maxbin.012,92.28,0.56,100.00,oxic,d__Bacteria;p__Proteobacteria;c__Gammaproteobacteria;o__Woeseiales;f__Woeseiaceae;g__UBA1847;s__,3758224
DSANT11_maxbin.015,94.83,0.00,0.00,oxic,d__Bacteria;p__Krumholzibacteriota;c__Krumholzibacteria;o__LZORAL124-64-63;f__LZORAL124-64-63;g__LZORAL124-64-63;s__,3983832
DSANT11_maxbin.017,85.03,5.34,14.04,oxic,d__Bacteria;p__Bacteroidota;c__Bacteroidia;o__Flavobacteriales;f__Flavobacteriaceae;g__Eudoraea;s__,5597346
DSANT11_maxbin.018,75.78,3.01,40.00,oxic,d__Bacteria;p__Proteobacteria;c__Gammaproteobacteria;o__Chromatiales;f__Chromatiaceae;g__;s__,6541771
DSANT11_maxbin.019,96.55,3.45,33.33,oxic,d__Bacteria;p__Krumholzibacteriota;c__Krumholzibacteria;o__Krumholzibacteriales;f__Krumholzibacteriaceae;g__;s__,3266275
DSANT11_maxbin.021,85.54,2.60,50.00,oxic,d__Bacteria;p__Desulfobacterota;c__DSWW01;o__DSWW01;f__DSWW01;g__S015-6;s__,5228105
DSANT11_maxbin.026,82.76,0.16,0.00,oxic,d__Bacteria;p__Acidobacteriota;c__Aminicenantia;o__Aminicenantales;f__Aminicenantaceae;g__;s__,3246702
DSANT11_maxbin.029,82.46,0.47,0.00,oxic,d__Bacteria;p__Krumholzibacteriota;c__Krumholzibacteria;o__LZORAL124-64-63;f__LZORAL124-64-63;g__LZORAL124-64-63;s__,4988218
DSANT11_maxbin.030,90.51,2.53,42.86,oxic,d__Bacteria;p__Proteobacteria;c__Gammaproteobacteria;o__Woeseiales;f__Woeseiaceae;g__UBA1847;s__,4313911
DSANT11_maxbin.033,90.13,3.45,0.00,oxic,d__Bacteria;p__Acidobacteriota;c__;o__;f__;g__;s__,4848903
DSANT95_maxbin.002,76.12,7.30,50.72,oxic,d__Bacteria;p__Proteobacteria;c__Gammaproteobacteria;o__Pseudomonadales;f__Moraxellaceae;g__Psychrobacter;s__,2678361
DSANT95_maxbin.006,80.03,4.17,55.17,oxic,d__Bacteria;p__Proteobacteria;c__Gammaproteobacteria;o__Granulosicoccales;f__Granulosicoccaceae;g__Granulosicoccus;s__,4922854
DSANT95_maxbin.007,96.93,1.94,22.22,oxic,d__Bacteria;p__Bacteroidota;c__Bacteroidia;o__Flavobacteriales;f__Flavobacteriaceae;g__QNYL01;s__,3330937
DSANT95_maxbin.009,95.22,0.00,0.00,oxic,d__Bacteria;p__Proteobacteria;c__Gammaproteobacteria;o__Burkholderiales;f__Neisseriaceae;g__Neisseria;s__Neisseria suis,2397411
DSANT95_maxbin.011,77.42,3.28,51.06,oxic,d__Bacteria;p__Proteobacteria;c__Alphaproteobacteria;o__Rhodobacterales;f__Rhodobacteraceae;g__Roseovarius;s__,2967265
DSANT95_maxbin.013,83.86,0.31,50.00,oxic,d__Bacteria;p__Actinobacteriota;c__Acidimicrobiia;o__Acidimicrobiales;f__SZUA-35;g__SZUA-35;s__,3590305
DSANT95_maxbin.014,98.26,3.62,29.41,oxic,d__Bacteria;p__Proteobacteria;c__Alphaproteobacteria;o__Sphingomonadales;f__Sphingomonadaceae;g__Parasphingorhabdus;s__,3679867
DSANT95_maxbin.016,92.49,1.59,75.00,oxic,d__Bacteria;p__Bacteroidota;c__Bacteroidia;o__Flavobacteriales;f__Flavobacteriaceae;g__Pricia;s__,4717411
DSANT95_maxbin.023,76.74,0.47,100.00,oxic,d__Bacteria;p__Actinobacteriota;c__Acidimicrobiia;o__UBA5794;f__JAENVV01;g__JAENVV01;s__,2856613
DSANT95_maxbin.024,93.54,3.39,34.29,oxic,d__Bacteria;p__Bacteroidota;c__Bacteroidia;o__Flavobacteriales;f__Flavobacteriaceae;g__Pricia;s__,5143202
DSANT95_maxbin.026,88.44,0.91,100.00,oxic,d__Bacteria;p__Firmicutes_A;c__Clostridia;o__Oscillospirales;f__Ruminococcaceae;g__Gemmiger;s__Gemmiger qucibialis,2371549
DSANT95_maxbin.030,88.39,8.66,36.67,oxic,d__Bacteria;p__Bacteroidota;c__Bacteroidia;o__Flavobacteriales;f__Flavobacteriaceae;g__Maribacter_A;s__,4388188
DSANT95_maxbin.032,87.98,1.58,71.43,oxic,d__Bacteria;p__Firmicutes_A;c__Clostridia;o__Oscillospirales;f__Acutalibacteraceae;g__Ruminococcus_E;s__Ruminococcus_E bromii_B,1812342
DSANT95_maxbin.034,92.92,1.52,100.00,oxic,d__Bacteria;p__Firmicutes_A;c__Clostridia;o__Lachnospirales;f__Lachnospiraceae;g__Agathobacter;s__Agathobacter rectalis,2409896
DSANT95_maxbin.035,85.36,0.03,0.00,oxic,d__Bacteria;p__Fusobacteriota;c__Fusobacteriia;o__Fusobacteriales;f__Leptotrichiaceae;g__Sebaldella;s__Sebaldella termitidis,3452385
DSANT95_maxbin.038,86.88,1.03,66.67,oxic,d__Bacteria;p__Proteobacteria;c__Alphaproteobacteria;o__Rhodobacterales;f__Rhodobacteraceae;g__Pseudorhodobacter;s__,3162434
DSANT95_maxbin.044,93.10,0.00,0.00,oxic,d__Bacteria;p__Bacteroidota;c__Bacteroidia;o__Bacteroidales;f__Bacteroidaceae;g__Prevotella;s__Prevotella sp018054505,3970312
DSANT95_maxbin.050,83.12,0.16,100.00,oxic,d__Bacteria;p__Firmicutes_A;c__Clostridia;o__Clostridiales;f__Clostridiaceae;g__Proteiniclasticum;s__Proteiniclasticum ruminis,2707933
DSANT95_maxbin.051,93.69,5.61,52.63,oxic,d__Bacteria;p__Bacteroidota;c__Bacteroidia;o__Flavobacteriales;f__Flavobacteriaceae;g__Pricia;s__,7255655
DSANT95_maxbin.067,91.84,6.59,16.67,oxic,d__Bacteria;p__Desulfobacterota_I;c__Desulfovibrionia;o__Desulfovibrionales;f__Desulfovibrionaceae;g__Desulfovibrio;s__,3127745
DSANT95_maxbin.073,78.76,2.55,14.29,oxic,d__Bacteria;p__Actinobacteriota;c__Actinomycetia;o__Propionibacteriales;f__Propionibacteriaceae;g__Arachnia;s__,2858223
DSANT95_maxbin.075,84.07,0.24,75.00,oxic,d__Bacteria;p__Firmicutes_C;c__Negativicutes;o__Veillonellales;f__Megasphaeraceae;g__Megasphaera;s__Megasphaera sp000417505,1860636
DSANT95_maxbin.083,92.10,9.63,11.76,oxic,d__Bacteria;p__Firmicutes_C;c__Negativicutes;o__Selenomonadales;f__Selenomonadaceae;g__;s__,4218966
DSANT95_maxbin.085,84.65,0.07,100.00,oxic,d__Bacteria;p__Verrucomicrobiota;c__Verrucomicrobiae;o__Verrucomicrobiales;f__Akkermansiaceae;g__Akkermansia;s__Akkermansia muciniphila,2171551
DSANT95_maxbin.118,77.14,8.14,4.44,oxic,d__Bacteria;p__Firmicutes_A;c__Clostridia;o__Lachnospirales;f__Lachnospiraceae;g__Fusicatenibacter;s__Fusicatenibacter saccharivorans,3076812
DSANT95_maxbin.126,82.05,5.63,14.63,oxic,d__Bacteria;p__Planctomycetota;c__Planctomycetia;o__Pirellulales;f__Pirellulaceae;g__Stieleria;s__,8420670
DSANT95_maxbin.134,80.42,1.06,0.00,oxic,d__Bacteria;p__Verrucomicrobiota;c__Verrucomicrobiae;o__Verrucomicrobiales;f__DEV007;g__Arctic95D-9;s__,5052082
DSANT95_metabat2.56,81.03,0.00,0.00,oxic,d__Bacteria;p__Actinobacteriota;c__Actinomycetia;o__Nitriliruptorales;f__;g__;s__,2948698
GBGOC44_maxbin.014,78.44,1.45,13.64,anoxic,d__Bacteria;p__Proteobacteria;c__Gammaproteobacteria;o__Beggiatoales;f__Beggiatoaceae;g__UBA10656;s__UBA10656 sp002085445,8311782
GBGOC44_maxbin.033,93.10,0.00,0.00,anoxic,d__Bacteria;p__Chloroflexota;c__Anaerolineae;o__B4-G1;f__B4-G1;g__B30-G15;s__B30-G15 sp003648085,3405513
GBGOC44_maxbin.035,77.59,2.19,60.00,anoxic,d__Bacteria;p__UBP14;c__UBA6098;o__UBA6098;f__B30-G16;g__;s__,1677869
GBGOC44_maxbin.042,88.79,5.99,60.00,anoxic,d__Archaea;p__Thermoproteota;c__Bathyarchaeia;o__B26-1;f__UBA233;g__PIYA01;s__PIYA01 sp003601785,1314205
GBGOC44_maxbin.043,91.20,1.60,0.00,anoxic,d__Bacteria;p__Desulfobacterota;c__Desulfobacteria;o__C00003060;f__C00003060;g__B23-G16;s__B23-G16 sp003647435,2940476
GBGOC44_maxbin.047,85.00,0.00,0.00,anoxic,d__Bacteria;p__Desulfobacterota_C;c__Anaeroferrophillalia;o__Anaeroferrophillales;f__Anaeroferrophillaceae;g__DQWO01;s__,2077409
GBGOC44_maxbin.048,92.26,1.43,25.00,anoxic,d__Archaea;p__Thermoproteota;c__Thermoproteia;o__EX4484-217-1;f__EX4484-217-1;g__EX4484-217-1;s__EX4484-217-1 sp002254745,1537749
GBGOC44_maxbin.049,84.00,0.80,0.00,anoxic,d__Archaea;p__Methanobacteriota_B;c__Thermococci;o__Methanofastidiosales;f__B48-G16;g__B48-G16;s__B48-G16 sp003660605,2016110
GBGOC44_maxbin.050,94.83,0.00,0.00,anoxic,d__Bacteria;p__Bacteroidota;c__Bacteroidia;o__Bacteroidales;f__F082;g__UBA4459;s__UBA4459 sp003648625,3487862
GBGOC44_maxbin.052,84.94,2.72,11.11,anoxic,d__Bacteria;p__Desulfobacterota;c__DSM-4660;o__Desulfatiglandales;f__B25-G16;g__B33-G16;s__B33-G16 sp003646875,2790779
GBGOC44_maxbin.063,77.31,0.84,100.00,anoxic,d__Bacteria;p__Desulfobacterota_C;c__Anaeroferrophillalia;o__Anaeroferrophillales;f__Anaeroferrophillaceae;g__DQWO01;s__DQWO01 sp011042595,2489201
GBGOC44_maxbin.064,77.16,3.45,33.33,anoxic,d__Bacteria;p__Bipolaricaulota;c__Bipolaricaulia;o__UBA7950;f__UBA9294;g__S016-54;s__,1189126
GBGOC44_maxbin.067,82.76,3.45,0.00,anoxic,d__Bacteria;p__Chloroflexota;c__Anaerolineae;o__JACIWR01;f__JACIWR01;g__JACIWR01;s__,4056016
GBGOC44_maxbin.069,92.87,3.92,66.67,anoxic,d__Bacteria;p__WOR-3;c__UBA3072;o__UBA3072;f__B12-G15;g__B12-G15;s__,1741503
GBGOC44_maxbin.070,76.64,0.93,100.00,anoxic,d__Archaea;p__Asgardarchaeota;c__Baldrarchaeia;o__Baldrarchaeales;f__DXJG01;g__DXJG01;s__,2634687
GBGOC44_maxbin.072,75.39,0.93,0.00,anoxic,d__Archaea;p__Altiarchaeota;c__Altiarchaeia;o__IMC4;f__QMZM01;g__QMZJ01;s__,1251854
GBGOC44_maxbin.077,79.83,1.88,100.00,anoxic,d__Bacteria;p__Bipolaricaulota;c__Bipolaricaulia;o__UBA7950;f__UBA9294;g__M55B144;s__,1498201
GBGOC44_maxbin.081,87.85,1.87,0.00,anoxic,d__Archaea;p__Thermoplasmatota;c__E2;o__UBA202;f__DSCA01;g__VBQP01;s__,2742554
GBGOC44_maxbin.083,91.03,2.20,18.18,anoxic,d__Bacteria;p__Campylobacterota;c__Campylobacteria;o__Campylobacterales;f__Hydrogenimonadaceae;g__Hydrogenimonas;s__,1791732
GBGOC44_maxbin.087,78.21,0.00,0.00,anoxic,d__Bacteria;p__Cloacimonadota;c__Cloacimonadia;o__JGIOTU-2;f__B8-G9;g__B8-G9;s__B8-G9 sp003647765,3579922
GBGOC44_maxbin.089,91.60,0.00,0.00,anoxic,d__Bacteria;p__Desulfobacterota;c__Desulfobacteria;o__Desulfobacterales;f__Desulfosudaceae;g__Desulfosudis;s__Desulfosudis sp002085115,3178295
GBGOC44_maxbin.091,93.46,3.88,44.44,anoxic,d__Archaea;p__Thermoproteota;c__Bathyarchaeia;o__B26-1;f__UBA233;g__JdFR-07;s__JdFR-07 sp003601605,1691864
GBGOC44_maxbin.092,75.86,0.00,0.00,anoxic,d__Bacteria;p__WOR-3;c__32-111;o__QNBC01;f__QNBC01;g__QNBC01;s__QNBC01 sp003641665,1690609
GBGOC44_maxbin.093,80.02,0.00,0.00,anoxic,d__Bacteria;p__Chloroflexota;c__Anaerolineae;o__Anaerolineales;f__UBA11858;g__B10-G9;s__B10-G9 sp003648195,3095417
GBGOC44_maxbin.094,94.86,0.93,0.00,anoxic,d__Archaea;p__Thermoproteota;c__Bathyarchaeia;o__B26-1;f__B26-1;g__B26-1;s__B26-1 sp001593925,1681847
GBGOC44_maxbin.096,86.31,0.83,33.33,anoxic,d__Archaea;p__Thermoproteota;c__Thermoproteia;o__EX4484-217-1;f__EX4484-217-1;g__DRYM01;s__,1551021
GBGOC44_maxbin.099,77.35,5.33,40.00,anoxic,d__Bacteria;p__WOR-3;c__UBA3072;o__UBA3072;f__B12-G15;g__B12-G15;s__,1601095
GBGOC44_maxbin.101,89.47,1.60,33.33,anoxic,d__Bacteria;p__Desulfobacterota;c__DSM-4660;o__Desulfatiglandales;f__Desulfatiglandaceae;g__4484-190-2;s__4484-190-2 sp002050025,6151077
GBGOC44_maxbin.102,81.74,0.00,0.00,anoxic,d__Bacteria;p__WOR-3;c__Hydrothermia;o__UBA1063;f__DRBW01;g__DRBW01;s__,1683240
GBGOC44_maxbin.107,83.39,0.00,0.00,anoxic,d__Bacteria;p__Ratteibacteria;c__UBA8468;o__B48-G9;f__JAFGKM01;g__;s__,1966716
GBGOC44_maxbin.110,94.40,0.00,0.00,anoxic,d__Bacteria;p__Desulfobacterota;c__DSM-4660;o__Desulfatiglandales;f__Desulfatiglandaceae;g__B46-G9;s__B46-G9 sp003646815,3233015
GBGOC44_maxbin.112,82.76,0.00,0.00,anoxic,d__Bacteria;p__Omnitrophota;c__Koll11;o__4484-171;f__B32-G15;g__;s__,1047438
GBGOC44_maxbin.115,90.36,0.00,0.00,anoxic,d__Bacteria;p__Verrucomicrobiota;c__Kiritimatiellae;o__Kiritimatiellales;f__Pontiellaceae;g__UBA5540;s__,2076093
GBGOC44_maxbin.117,93.92,3.57,57.69,anoxic,d__Bacteria;p__Campylobacterota;c__Campylobacteria;o__Campylobacterales;f__Sulfurovaceae;g__Sulfurovum;s__,2358093
GBGOC44_maxbin.119,89.95,6.61,91.67,anoxic,d__Archaea;p__Thermoproteota;c__Bathyarchaeia;o__TCS64;f__TCS64;g__B23;s__,1538676
GBGOC44_maxbin.122,77.20,0.00,0.00,anoxic,d__Bacteria;p__Acidobacteriota;c__Holophagae;o__Thermotomaculales;f__Thermotomaculaceae;g__UM-FILTER-49-7;s__UM-FILTER-49-7 sp003650445,4220654
GBGOC44_maxbin.124,89.75,1.73,11.11,anoxic,d__Bacteria;p__Campylobacterota;c__Campylobacteria;o__Campylobacterales;f__QNZT01;g__SZUA-1433;s__,2329254
GBGOC44_maxbin.125,77.10,2.80,16.67,anoxic,d__Archaea;p__Halobacteriota;c__Methanosarcinia;o__Methanosarcinales;f__EX4572-44;g__Ethanoperedens;s__,5587693
GBGOC44_maxbin.127,86.67,0.80,100.00,anoxic,d__Bacteria;p__Desulfobacterota;c__BSN033;o__B13-G15;f__;g__;s__,1740690
GBGOC44_maxbin.128,79.31,0.00,0.00,anoxic,d__Bacteria;p__Bacteroidota;c__Bacteroidia;o__Bacteroidales;f__4484-276;g__4484-276;s__,3637023
GBGOC44_maxbin.129,87.67,8.00,0.00,anoxic,d__Bacteria;p__Desulfobacterota;c__Desulfobacteria;o__Desulfobacterales;f__;g__;s__,5732024
GBGOC44_maxbin.137,92.24,0.00,0.00,anoxic,d__Bacteria;p__WOR-3;c__Hydrothermia;o__UBA1063;f__DRBW01;g__DRBW01;s__,2357356
GBGOC44_maxbin.142,78.09,0.52,75.00,anoxic,d__Bacteria;p__Desulfobacterota_C;c__S145-22;o__S145-22;f__S145-22;g__S145-22;s__,2365053
GBGOC44_maxbin.144,93.15,2.21,66.67,anoxic,d__Bacteria;p__Campylobacterota;c__Campylobacteria;o__Campylobacterales;f__Hydrogenimonadaceae;g__Hydrogenimonas;s__,2252061
GBGOC44_maxbin.151,86.09,1.00,75.00,anoxic,d__Bacteria;p__Desulfobacterota;c__Desulfuromonadia;o__Desulfuromonadales;f__Geopsychrobacteraceae;g__Desulfuromusa;s__,3385047
GBGOC44_maxbin.152,99.14,1.72,100.00,anoxic,d__Bacteria;p__KSB1;c__UBA2214;o__UBA2214;f__Zgenome-0027;g__;s__,6297271
GBGOC44_maxbin.158,78.45,0.00,0.00,anoxic,d__Bacteria;p__Patescibacteria;c__ABY1;o__BM507;f__UBA12075;g__;s__,1158291
GBGOC44_maxbin.159,93.10,0.00,0.00,anoxic,d__Bacteria;p__Bacteroidota;c__Bacteroidia;o__Bacteroidales;f__4484-276;g__4484-276;s__4484-276 sp002254335,5821551
GBGOC44_maxbin.161,86.85,0.94,50.00,anoxic,d__Archaea;p__Thermoproteota;c__Thermoproteia;o__Sulfolobales;f__NBVN01;g__EX4484-204;s__,1354309
GBGOC44_maxbin.162,87.93,0.00,0.00,anoxic,d__Bacteria;p__B130-G9;c__B130-G9;o__B130-G9;f__B130-G9;g__;s__,2770932
GBGOC44_maxbin.166,76.49,0.00,0.00,anoxic,d__Bacteria;p__WOR-3;c__WOR-3;o__SM23-42;f__SM23-42;g__4484-100;s__4484-100 sp002049785,1923369
GBGOC44_maxbin.167,93.77,4.87,14.29,anoxic,d__Bacteria;p__Campylobacterota;c__Campylobacteria;o__Campylobacterales;f__QNZT01;g__;s__,2297941
GBGOC44_maxbin.172,96.55,0.00,0.00,anoxic,d__Bacteria;p__Krumholzibacteriota;c__Krumholzibacteria;o__;f__;g__;s__,3045927
GBGOC44_maxbin.177,76.96,0.00,0.00,anoxic,d__Bacteria;p__Bacteroidota;c__Bacteroidia;o__Bacteroidales;f__F082;g__JAADID01;s__,4010875
GBGOC44_maxbin.181,82.67,1.60,0.00,anoxic,d__Bacteria;p__Desulfobacterota;c__DSM-4660;o__Desulfatiglandales;f__Desulfatiglandaceae;g__;s__,3209291
GBGOC44_maxbin.194,88.64,3.00,8.33,anoxic,d__Bacteria;p__Campylobacterota;c__Campylobacteria;o__Campylobacterales;f__Arcobacteraceae;g__B24-G6;s__B24-G6 sp003643835,1514883
GBGOC44_maxbin.198,75.65,0.16,100.00,anoxic,d__Bacteria;p__Patescibacteria;c__Paceibacteria;o__Moranbacterales;f__M55B143;g__M55B143;s__,966822
GBGOC44_maxbin.209,92.38,0.07,0.00,anoxic,d__Archaea;p__Thermoproteota;c__Bathyarchaeia;o__B26-1;f__UBA233;g__PIYF01;s__PIYF01 sp003601875,1754203
GBGOC44_maxbin.210,91.13,6.33,35.48,anoxic,d__Bacteria;p__Campylobacterota;c__Campylobacteria;o__Campylobacterales;f__Sulfurovaceae;g__SZUA-451;s__,2348180
GBGOC44_maxbin.212,80.84,0.93,100.00,anoxic,d__Archaea;p__Thermoproteota;c__Bathyarchaeia;o__B26-1;f__B26-1;g__PIYB01;s__PIYB01 sp003601835,1807273
GBGOC44_maxbin.216,77.08,1.79,0.00,anoxic,d__Archaea;p__Thermoproteota;c__Thermoproteia;o__Thermofilales;f__Thermofilaceae;g__B17-G15;s__B17-G15 sp003649495,1673464
GBGOC44_maxbin.218,83.96,2.45,30.00,anoxic,d__Bacteria;p__Campylobacterota;c__Campylobacteria;o__Campylobacterales;f__Sulfurovaceae;g__Sulfurovum;s__Sulfurovum sp002085305,1770582
GBGOC44_maxbin.229,76.21,0.00,0.00,anoxic,d__Bacteria;p__Omnitrophota;c__Koll11;o__4484-49;f__4484-49;g__4484-49;s__4484-49 sp002085265,1052957
GBGOC44_maxbin.236,95.53,0.00,0.00,anoxic,d__Bacteria;p__UBP14;c__UBA6098;o__UBA6098;f__B30-G16;g__;s__,2439935
GBGOC44_maxbin.240,94.83,0.00,0.00,anoxic,d__Bacteria;p__Krumholzibacteriota;c__Krumholzibacteria;o__;f__;g__;s__,3526114
GBGOC44_maxbin.244,83.41,5.92,20.00,anoxic,d__Archaea;p__Thermoproteota;c__Thermoproteia;o__Thermoproteales;f__Thermocladiaceae;g__;s__,2608938
GBGOC44_maxbin.245,76.43,5.17,16.67,anoxic,d__Bacteria;p__Latescibacterota;c__4484-107;o__4484-107;f__4484-107;g__4484-107;s__4484-107 sp002059205,4563021
GBGOC44_maxbin.259,76.96,0.00,0.00,anoxic,d__Bacteria;p__UBP14;c__UBA6098;o__UBA6098;f__B30-G16;g__;s__,1883508
GBGOC44_maxbin.264,90.18,1.79,0.00,anoxic,d__Archaea;p__Thermoproteota;c__Thermoproteia;o__Sulfolobales;f__NBVN01;g__EX4484-204;s__,1783233
GBGOC44_maxbin.266,81.43,1.47,100.00,anoxic,d__Archaea;p__Thermoproteota;c__Bathyarchaeia;o__B26-1;f__UBA233;g__UBA233;s__UBA233 sp003661945,1465423
GBGOC44_maxbin.301,75.31,4.08,0.00,anoxic,d__Bacteria;p__Poribacteria;c__WGA-4E;o__B28-G17;f__B28-G17;g__;s__,4358052
GBGOC44_maxbin.338,75.93,2.18,0.00,anoxic,d__Archaea;p__Thermoproteota;c__Bathyarchaeia;o__B25;f__B25;g__EX4484-218;s__EX4484-218 sp002254975,980883
GBGOC44_maxbin.354,80.00,0.00,0.00,anoxic,d__Archaea;p__Thermoproteota;c__Bathyarchaeia;o__EX4484-135;f__EX4484-135;g__EX4484-135;s__EX4484-135 sp011040545,1034156
GBGOC44_metabat2.190,77.51,0.00,0.00,anoxic,d__Bacteria;p__RBG-13-66-14;c__B26-G2;o__B26-G2;f__B26-G2;g__B26-G2;s__B26-G2 sp003647715,1318743
GBGOC44_metabat2.230,86.21,0.00,0.00,anoxic,d__Bacteria;p__JdFR-76;c__JdFR-76;o__JdFR-76;f__4484-219;g__4484-219;s__4484-219 sp002085035,2145736
GBGOC44_metabat2.237,78.18,1.97,60.00,anoxic,d__Bacteria;p__Bacteroidota;c__Bacteroidia;o__Bacteroidales;f__JAADJA01;g__JAADJA01;s__,3375608
GBGOC44_metabat2.250,79.31,0.00,0.00,anoxic,d__Bacteria;p__Campylobacterota;c__Desulfurellia;o__;f__;g__;s__,835467
GBGOC44_metabat2.279,92.77,0.00,0.00,anoxic,d__Bacteria;p__Desulfobacterota;c__Desulfobaccia;o__Desulfobaccales;f__Desulfobaccaceae;g__Desulfobacca_B;s__Desulfobacca_B sp002049795,2146985
GBGOC44_metabat2.293,95.69,0.00,0.00,anoxic,d__Bacteria;p__Acidobacteriota;c__Aminicenantia;o__Aminicenantales;f__Aminicenantaceae_A;g__JdFR-80;s__JdFR-80 sp011042725,2289290
GBGOC44_metabat2.4,94.84,1.41,0.00,anoxic,d__Archaea;p__Thermoproteota;c__Thermoproteia;o__Sulfolobales;f__Desulfurococcaceae;g__EX4484-58;s__EX4484-58 sp002254665,1419974
GBGOC44_metabat2.47,83.93,0.00,0.00,anoxic,d__Archaea;p__Thermoproteota;c__Thermoproteia;o__Sulfolobales;f__;g__;s__,1576915
GBGOC44_metabat2.72,88.80,0.00,0.00,anoxic,d__Bacteria;p__Desulfobacterota;c__Syntrophobacteria;o__B119-G9;f__B119-G9;g__B119-G9;s__B119-G9 sp003646715,2755339
GBGOC44_metabat2.80,78.08,1.19,0.00,anoxic,d__Archaea;p__Thermoproteota;c__Thermoproteia;o__Thermofilales;f__;g__;s__,1299965
GBGOC45_maxbin.024,80.61,0.37,0.00,anoxic,d__Archaea;p__Halobacteriota;c__Methanosarcinia;o__Methanosarcinales;f__Methanogasteraceae;g__Methanogaster;s__Methanogaster sp003601535,1359730
GBGOC45_maxbin.025,79.81,1.45,5.00,anoxic,d__Bacteria;p__Proteobacteria;c__Gammaproteobacteria;o__Beggiatoales;f__Beggiatoaceae;g__UBA10656;s__UBA10656 sp002085445,8468937
GBGOC45_maxbin.029,77.19,1.72,0.00,anoxic,d__Bacteria;p__Desulfobacterota;c__Thermodesulfobacteria;o__Thermodesulfobacteriales;f__Thermodesulfobacteriaceae;g__Thermodesulfobacterium;s__,1815810
GBGOC45_maxbin.030,88.46,0.00,0.00,anoxic,d__Bacteria;p__Desulfobacterota;c__Desulfobacteria;o__C00003060;f__C00003060;g__B23-G16;s__B23-G16 sp003647435,2816849
GBGOC45_maxbin.031,75.05,0.16,100.00,anoxic,d__Bacteria;p__UBP14;c__UBA6098;o__UBA6098;f__B30-G16;g__;s__,1964327
GBGOC45_maxbin.032,86.79,1.63,0.00,anoxic,d__Bacteria;p__Desulfobacterota;c__DSM-4660;o__Desulfatiglandales;f__B25-G16;g__B33-G16;s__B33-G16 sp003646875,2865206
GBGOC45_maxbin.034,85.60,1.73,25.00,anoxic,d__Archaea;p__Methanobacteriota_B;c__Thermococci;o__Methanofastidiosales;f__B48-G16;g__B48-G16;s__B48-G16 sp003660605,1575336
GBGOC45_maxbin.035,90.65,1.71,100.00,anoxic,d__Archaea;p__Thermoproteota;c__Bathyarchaeia;o__B26-1;f__UBA233;g__PIYA01;s__PIYA01 sp003601785,1112905
GBGOC45_maxbin.036,79.13,0.93,0.00,anoxic,d__Archaea;p__Altiarchaeota;c__Altiarchaeia;o__IMC4;f__QMZM01;g__QMZJ01;s__,1751130
GBGOC45_maxbin.038,75.44,9.71,5.00,anoxic,d__Archaea;p__Halobacteriota;c__Methanosarcinia;o__Methanosarcinales;f__EX4572-44;g__Ethanoperedens;s__,2588854
GBGOC45_maxbin.046,95.69,1.25,0.00,anoxic,d__Bacteria;p__Cloacimonadota;c__Cloacimonadia;o__JGIOTU-2;f__B8-G9;g__B8-G9;s__B8-G9 sp003647765,4142270
GBGOC45_maxbin.052,78.68,3.45,33.33,anoxic,d__Bacteria;p__Omnitrophota;c__4484-213;o__4484-213;f__4484-213;g__4484-213;s__4484-213 sp002085025,2197052
GBGOC45_maxbin.058,76.65,0.00,0.00,anoxic,d__Bacteria;p__Bipolaricaulota;c__Bipolaricaulia;o__UBA7950;f__UBA9294;g__S016-54;s__,1300379
GBGOC45_maxbin.059,80.36,0.60,50.00,anoxic,d__Archaea;p__Thermoproteota;c__Thermoproteia;o__Thermofilales;f__B20-G17;g__B20-G17;s__,1689574
GBGOC45_maxbin.060,96.55,0.00,0.00,anoxic,d__Bacteria;p__Bacteroidota;c__Bacteroidia;o__Bacteroidales;f__F082;g__UBA4459;s__UBA4459 sp003648625,3500083
GBGOC45_maxbin.071,86.20,0.00,0.00,anoxic,d__Bacteria;p__Desulfobacterota_C;c__Anaeroferrophillalia;o__Anaeroferrophillales;f__Anaeroferrophillaceae;g__DQWO01;s__,2452133
GBGOC45_maxbin.073,77.59,0.00,0.00,anoxic,d__Bacteria;p__Omnitrophota;c__Koll11;o__4484-171;f__B32-G15;g__;s__,883519
GBGOC45_maxbin.074,79.69,0.60,100.00,anoxic,d__Bacteria;p__Desulfobacterota_C;c__Anaeroferrophillalia;o__Anaeroferrophillales;f__Anaeroferrophillaceae;g__DQWO01;s__DQWO01 sp011042595,3009714
GBGOC45_maxbin.089,96.80,0.80,0.00,anoxic,d__Bacteria;p__Desulfobacterota;c__DSM-4660;o__Desulfatiglandales;f__Desulfatiglandaceae;g__B46-G9;s__B46-G9 sp003646815,3596279
GBGOC45_maxbin.092,86.05,0.86,0.00,anoxic,d__Bacteria;p__Chloroflexota;c__Anaerolineae;o__Anaerolineales;f__UBA11858;g__B10-G9;s__B10-G9 sp003648195,3093253
GBGOC45_maxbin.099,80.00,8.80,0.00,anoxic,d__Bacteria;p__Desulfobacterota;c__Desulfobacteria;o__Desulfobacterales;f__UBA11574;g__S5133MH16;s__,4607996
GBGOC45_maxbin.102,87.31,4.67,0.00,anoxic,d__Archaea;p__Methanobacteriota_B;c__Thermococci;o__Thermococcales;f__Thermococcaceae;g__Thermococcus_A;s__Thermococcus_A sp003663525,2815410
GBGOC45_maxbin.103,90.65,9.35,13.33,anoxic,d__Archaea;p__Thermoproteota;c__Bathyarchaeia;o__B26-1;f__B26-1;g__B63;s__B63 sp003601695,2263449
GBGOC45_maxbin.105,81.45,1.07,100.00,anoxic,d__Bacteria;p__Desulfobacterota;c__Desulfobacteria;o__Desulfobacterales;f__4be13;g__;s__,7274325
GBGOC45_maxbin.106,82.76,0.00,0.00,anoxic,d__Bacteria;p__Bipolaricaulota;c__Bipolaricaulia;o__UBA7950;f__UBA9294;g__M55B144;s__,2515847
GBGOC45_maxbin.107,81.03,3.06,80.00,anoxic,d__Bacteria;p__Bipolaricaulota;c__Bipolaricaulia;o__Bipolaricaulales;f__Bipolaricaulaceae;g__UBA3571;s__,2025888
GBGOC45_maxbin.115,93.57,0.00,0.00,anoxic,d__Bacteria;p__Desulfobacterota;c__Desulfobaccia;o__Desulfobaccales;f__Desulfobaccaceae;g__Desulfobacca_B;s__Desulfobacca_B sp002049795,3016133
GBGOC45_maxbin.117,90.81,0.93,0.00,anoxic,d__Archaea;p__Thermoproteota;c__Bathyarchaeia;o__B26-1;f__B26-1;g__B26-1;s__B26-1 sp001593925,1731168
GBGOC45_maxbin.118,98.28,44.36,0.00,anoxic,d__Bacteria;p__Acidobacteriota;c__Aminicenantia;o__Aminicenantales;f__Aminicenantaceae_A;g__JdFR-80;s__JdFR-80 sp011042725,2978123
GBGOC45_maxbin.123,88.79,0.31,100.00,anoxic,d__Bacteria;p__WOR-3;c__Hydrothermia;o__UBA1063;f__DRBW01;g__DRBW01;s__,2119220
GBGOC45_maxbin.129,90.48,3.57,14.29,anoxic,d__Archaea;p__Thermoproteota;c__Thermoproteia;o__EX4484-217-1;f__EX4484-217-1;g__EX4484-217-1;s__EX4484-217-1 sp002254745,1856871
GBGOC45_maxbin.130,93.07,2.14,29.41,anoxic,d__Archaea;p__Methanobacteriota_B;c__Thermococci;o__Thermococcales;f__Thermococcaceae;g__Palaeococcus;s__Palaeococcus sp003663695,2455547
GBGOC45_maxbin.139,79.15,0.86,100.00,anoxic,d__Bacteria;p__Cloacimonadota;c__Cloacimonadia;o__Cloacimonadales;f__TCS61;g__4484-275;s__4484-275 sp002085205,2357680
GBGOC45_maxbin.140,87.67,2.63,0.00,anoxic,d__Bacteria;p__Campylobacterota;c__Campylobacteria;o__Campylobacterales;f__Hydrogenimonadaceae;g__Hydrogenimonas;s__,1902976
GBGOC45_maxbin.147,96.39,0.47,100.00,anoxic,d__Bacteria;p__Verrucomicrobiota;c__Kiritimatiellae;o__Kiritimatiellales;f__Pontiellaceae;g__UBA5540;s__,2951284
GBGOC45_maxbin.149,82.60,3.45,0.00,anoxic,d__Bacteria;p__Chloroflexota;c__Anaerolineae;o__Anaerolineales;f__UBA11858;g__G519;s__G519 sp011176615,3700981
GBGOC45_maxbin.151,87.93,0.00,0.00,anoxic,d__Bacteria;p__JdFR-76;c__JdFR-76;o__JdFR-76;f__4484-219;g__4484-219;s__4484-219 sp002085035,3057375
GBGOC45_maxbin.153,81.03,0.00,0.00,anoxic,d__Bacteria;p__B130-G9;c__B130-G9;o__B130-G9;f__B130-G9;g__B130-G9;s__B130-G9 sp003647755,3102875
GBGOC45_maxbin.155,91.96,1.63,50.00,anoxic,d__Bacteria;p__Desulfobacterota;c__Desulfuromonadia;o__Desulfuromonadales;f__Geopsychrobacteraceae;g__Desulfuromusa;s__,4068473
GBGOC45_maxbin.158,90.83,0.16,100.00,anoxic,d__Bacteria;p__WOR-3;c__WOR-3;o__SM23-42;f__SM23-42;g__4484-100;s__4484-100 sp002049785,2696668
GBGOC45_maxbin.161,79.52,0.47,100.00,anoxic,d__Archaea;p__Thermoproteota;c__Bathyarchaeia;o__B25;f__B25;g__EX4484-218;s__EX4484-218 sp002254975,1385678
GBGOC45_maxbin.166,85.05,2.80,0.00,anoxic,d__Archaea;p__Thermoproteota;c__Bathyarchaeia;o__B26-1;f__B26-1;g__PIYB01;s__PIYB01 sp003601835,2756621
GBGOC45_maxbin.174,89.88,2.02,75.00,anoxic,d__Archaea;p__Thermoproteota;c__Bathyarchaeia;o__TCS64;f__TCS64;g__B23;s__,1451805
GBGOC45_maxbin.193,83.05,3.92,33.33,anoxic,d__Bacteria;p__Bipolaricaulota;c__Bipolaricaulia;o__Bipolaricaulales;f__Bipolaricaulaceae;g__UBA3574;s__,1754608
GBGOC45_maxbin.199,89.66,0.31,33.33,anoxic,d__Bacteria;p__UBP14;c__UBA6098;o__4484-93;f__4484-93;g__4484-93;s__4484-93 sp002085385,2157107
GBGOC45_maxbin.201,75.09,2.52,0.00,anoxic,d__Bacteria;p__Campylobacterota;c__Campylobacteria;o__Campylobacterales;f__Arcobacteraceae;g__B24-G6;s__,1474239
GBGOC45_maxbin.238,78.26,7.05,42.86,anoxic,d__Bacteria;p__WOR-3;c__Hydrothermia;o__UBA1063;f__DRBW01;g__DRBW01;s__,1767398
GBGOC45_maxbin.245,88.11,5.76,13.33,anoxic,d__Bacteria;p__Campylobacterota;c__Campylobacteria;o__Campylobacterales;f__Sulfurovaceae;g__SZUA-451;s__,2372515
GBGOC45_maxbin.254,82.67,0.00,0.00,anoxic,d__Bacteria;p__Chloroflexota;c__Anaerolineae;o__;f__;g__;s__,4459566
GBGOC45_maxbin.298,86.07,5.08,14.29,anoxic,d__Archaea;p__Thermoproteota;c__Thermoproteia;o__EX4484-217-1;f__EX4484-217-1;g__EX4484-217-1;s__,2313745
GBGOC45_metabat2.15,83.62,0.31,66.67,anoxic,d__Bacteria;p__Bacteroidota;c__Bacteroidia;o__Bacteroidales;f__S143-33;g__;s__,3940406
GBGOC45_metabat2.154,87.07,0.16,100.00,anoxic,d__Bacteria;p__KSB1;c__UBA2214;o__UBA2214;f__Zgenome-0027;g__;s__,5858479
GBGOC45_metabat2.178,77.45,0.00,0.00,anoxic,d__Bacteria;p__Spirochaetota;c__B62-G9;o__B62-G9;f__B62-G9;g__B62-G9;s__,4008406
GBGOC45_metabat2.190,80.41,0.00,0.00,anoxic,d__Bacteria;p__Omnitrophota;c__Koll11;o__4484-49;f__4484-49;g__4484-49;s__4484-49 sp002085265,1107830
GBGOC45_metabat2.215,88.10,0.00,0.00,anoxic,d__Bacteria;p__Acidobacteriota;c__Aminicenantia;o__Aminicenantales;f__Aminicenantaceae_A;g__JdFR-80;s__JdFR-80 sp003648765,2016758
GBGOC45_metabat2.227,76.72,0.00,0.00,anoxic,d__Bacteria;p__Bacteroidota;c__Bacteroidia;o__Bacteroidales;f__F082;g__JAADID01;s__,2737180
GBGOC45_metabat2.23,85.45,0.00,0.00,anoxic,d__Bacteria;p__Desulfobacterota;c__Desulfobacteria;o__Desulfobacterales;f__SURF-3;g__;s__,1272524
GBGOC45_metabat2.235,78.21,0.00,0.00,anoxic,d__Bacteria;p__Omnitrophota;c__Koll11;o__;f__;g__;s__,2756523
GBGOC45_metabat2.257,79.11,0.93,0.00,anoxic,d__Bacteria;p__Desulfobacterota;c__DSM-4660;o__Desulfatiglandales;f__Desulfatiglandaceae;g__;s__,2384150
GBGOC45_metabat2.281,86.05,0.00,0.00,anoxic,d__Bacteria;p__B130-G9;c__B130-G9;o__B130-G9;f__B130-G9;g__;s__,2440454
GBGOC45_metabat2.284,83.64,1.40,0.00,anoxic,d__Archaea;p__Asgardarchaeota;c__Heimdallarchaeia;o__JABLTI01;f__JABLTI01;g__JABLTI01;s__JABLTI01 sp019056785,1946962
GBGOC45_metabat2.287,82.80,0.80,0.00,anoxic,d__Bacteria;p__Desulfobacterota;c__DSM-4660;o__Desulfatiglandales;f__Desulfatiglandaceae;g__4484-190-2;s__4484-190-2 sp002050025,3329809
GBGOC45_metabat2.298,76.65,0.00,0.00,anoxic,d__Bacteria;p__RBG-13-66-14;c__B26-G2;o__B26-G2;f__B26-G2;g__B26-G2;s__B26-G2 sp003647715,1589307
GBGOC45_metabat2.47,75.49,3.27,0.00,anoxic,d__Archaea;p__Asgardarchaeota;c__Heimdallarchaeia;o__UBA460;f__UBA460;g__;s__,2967874
GBGOC45_metabat2.54,84.48,0.16,0.00,anoxic,d__Bacteria;p__Zixibacteria;c__MSB-5A5;o__UBA10806;f__4484-95;g__4484-95;s__4484-95 sp002085375,2258835
GBGOC45_metabat2.82,94.83,0.73,50.00,anoxic,d__Bacteria;p__KSB1;c__UBA2214;o__AABM5-25-91;f__AABM5-25-91;g__;s__,3834950
GBGOC45_metabat2.9,78.40,2.40,50.00,anoxic,d__Bacteria;p__Desulfobacterota;c__DSM-4660;o__Desulfatiglandales;f__Desulfatiglandaceae;g__;s__,1998552
GBGOC47_maxbin.001,85.63,0.56,0.00,anoxic,d__Bacteria;p__Proteobacteria;c__Gammaproteobacteria;o__Beggiatoales;f__Beggiatoaceae;g__QNES01;s__QNES01 sp003645255,3707258
GBGOC47_maxbin.016,76.95,0.00,0.00,anoxic,d__Bacteria;p__Bacteroidota;c__Bacteroidia;o__Bacteroidales;f__4572-128;g__4572-128;s__4572-128 sp002084355,2831548
GBGOC47_maxbin.017,91.38,0.00,0.00,anoxic,d__Bacteria;p__Bacteroidota;c__Bacteroidia;o__Bacteroidales;f__UBA12170;g__;s__,2783230
GBGOC47_maxbin.032,85.42,0.00,0.00,anoxic,d__Bacteria;p__Chloroflexota;c__Anaerolineae;o__4572-78;f__4572-78;g__4572-78;s__4572-78 sp002084875,4378220
GBGOC47_maxbin.036,75.30,1.29,5.88,anoxic,d__Bacteria;p__Proteobacteria;c__Gammaproteobacteria;o__Beggiatoales;f__Beggiatoaceae;g__UBA10656;s__UBA10656 sp002085445,8183948
GBGOC47_maxbin.037,78.80,2.40,25.00,anoxic,d__Bacteria;p__Desulfobacterota;c__DSM-4660;o__Desulfatiglandales;f__Desulfatiglandaceae;g__NaphS2;s__,3634136
GBGOC47_maxbin.041,87.93,0.00,0.00,anoxic,d__Bacteria;p__Bacteroidota;c__Bacteroidia;o__Bacteroidales;f__F082;g__UBA4459;s__UBA4459 sp003648625,2928441
GBGOC47_maxbin.043,75.07,5.28,6.90,anoxic,d__Bacteria;p__Spirochaetota;c__Spirochaetia;o__Spirochaetales_E;f__DSM-19205;g__;s__,2729497
GBGOC47_maxbin.045,84.00,0.00,0.00,anoxic,d__Bacteria;p__Desulfobacterota;c__Desulfuromonadia;o__Desulfuromonadales;f__Desulfuromonadaceae;g__Desulfuromonas;s__Desulfuromonas sp002084665,2474960
GBGOC47_maxbin.046,80.55,0.47,100.00,anoxic,d__Archaea;p__Halobacteriota;c__Methanosarcinia;o__Methanosarcinales;f__Methanogasteraceae;g__Methanogaster;s__Methanogaster sp003601535,1544900
GBGOC47_maxbin.053,86.99,0.00,0.00,anoxic,d__Bacteria;p__Desulfobacterota;c__Dissulfuribacteria;o__Dissulfuribacterales;f__UBA3076;g__UBA3076;s__UBA3076 sp003194485,1941557
GBGOC47_maxbin.055,80.21,0.84,0.00,anoxic,d__Bacteria;p__Fusobacteriota;c__Fusobacteriia;o__Fusobacteriales;f__Fusobacteriaceae;g__Psychrilyobacter;s__Psychrilyobacter sp002084825,1760910
GBGOC47_maxbin.058,85.73,2.20,73.33,anoxic,d__Bacteria;p__Campylobacterota;c__Campylobacteria;o__Campylobacterales;f__Sulfurovaceae;g__Sulfurovum;s__,1846436
GBGOC47_maxbin.059,75.86,0.00,0.00,anoxic,d__Bacteria;p__Cloacimonadota;c__Cloacimonadia;o__Cloacimonadales;f__;g__;s__,2747501
GBGOC47_maxbin.062,86.21,3.61,33.33,anoxic,d__Bacteria;p__Campylobacterota;c__Campylobacteria;o__Campylobacterales;f__Sulfurospirillaceae;g__Sulfurospirillum_A;s__,2195562
GBGOC47_maxbin.065,79.49,6.61,25.00,anoxic,d__Bacteria;p__Firmicutes_A;c__Clostridia;o__Tissierellales;f__Caldisalinibacteraceae;g__;s__,3192087
GBGOC47_maxbin.066,92.05,1.87,0.00,anoxic,d__Bacteria;p__Bacteroidota;c__Bacteroidia;o__Bacteroidales;f__UBA12170;g__UBA12170;s__,3821548
GBGOC47_maxbin.070,75.86,0.00,0.00,anoxic,d__Bacteria;p__Cloacimonadota;c__Cloacimonadia;o__Cloacimonadales;f__;g__;s__,2316077
GBGOC47_maxbin.071,75.60,0.00,0.00,anoxic,d__Bacteria;p__Desulfobacterota;c__Desulfobacteria;o__Desulfobacterales;f__Desulfobacteraceae_A;g__NBLS01;s__NBLS01 sp002084385,3241107
GBGOC47_maxbin.076,86.97,0.84,0.00,anoxic,d__Bacteria;p__Desulfobacterota;c__Desulfobacteria;o__Desulfobacterales;f__Desulfobacteraceae;g__4572-130;s__4572-130 sp002084425,2235198
GBGOC47_maxbin.077,91.20,0.22,20.00,anoxic,d__Bacteria;p__Desulfobacterota_C;c__Anaeroferrophillalia;o__Anaeroferrophillales;f__Anaeroferrophillaceae;g__DQWO01;s__DQWO01 sp011042595,3008911
GBGOC47_maxbin.080,86.75,0.40,50.00,anoxic,d__Bacteria;p__Desulfobacterota;c__Desulfobacteria;o__Desulfobacterales;f__UBA2174_A;g__;s__,3813504
GBGOC47_maxbin.081,85.20,2.00,100.00,anoxic,d__Bacteria;p__Desulfobacterota;c__DSM-4660;o__Desulfatiglandales;f__Desulfatiglandaceae;g__NaphS2;s__,4124972
GBGOC47_maxbin.082,84.48,6.90,100.00,anoxic,d__Bacteria;p__Verrucomicrobiota;c__Kiritimatiellae;o__Kiritimatiellales;f__Pontiellaceae;g__UBA5540;s__,3103555
GBGOC47_maxbin.083,94.83,0.00,0.00,anoxic,d__Bacteria;p__Atribacterota;c__JS1;o__SB-45;f__34-128;g__34-128;s__34-128 sp002084865,2368873
GBGOC47_maxbin.089,96.77,0.81,0.00,anoxic,d__Bacteria;p__Spirochaetota;c__Spirochaetia;o__Spirochaetales_E;f__Spirochaetaceae_B;g__Oceanispirochaeta;s__Oceanispirochaeta sp002084805,3184474
GBGOC47_maxbin.091,81.90,0.00,0.00,anoxic,d__Bacteria;p__Chloroflexota;c__Anaerolineae;o__4572-78;f__4572-78;g__DUEH01;s__DUEH01 sp011192195,4329603
GBGOC47_maxbin.092,87.20,0.86,100.00,anoxic,d__Bacteria;p__Desulfobacterota;c__Desulfobacteria;o__Desulfobacterales;f__Desulfobacteraceae;g__Desulfobacula;s__,3082959
GBGOC47_maxbin.096,91.03,0.00,0.00,anoxic,d__Bacteria;p__4572-55;c__4572-55;o__4572-55;f__4572-55;g__4572-55;s__4572-55 sp002084765,3784702
GBGOC47_maxbin.098,83.54,0.80,100.00,anoxic,d__Bacteria;p__Desulfobacterota;c__DSM-4660;o__Desulfatiglandales;f__B25-G16;g__B33-G16;s__B33-G16 sp003646875,3084164
GBGOC47_maxbin.101,82.05,2.82,0.00,anoxic,d__Bacteria;p__Bacteroidota;c__Bacteroidia;o__Bacteroidales;f__4484-276;g__4484-276;s__4484-276 sp002254335,5370370
GBGOC47_maxbin.102,85.27,0.00,0.00,anoxic,d__Bacteria;p__Cloacimonadota;c__Cloacimonadia;o__Cloacimonadales;f__TCS61;g__B137-G9;s__B137-G9 sp003647825,2543135
GBGOC47_maxbin.107,84.70,3.08,25.00,anoxic,d__Bacteria;p__Bacteroidota;c__Bacteroidia;o__Bacteroidales;f__NBLH01;g__NBLH01;s__NBLH01 sp002084525,4860832
GBGOC47_maxbin.108,84.48,5.17,0.00,anoxic,d__Bacteria;p__Firmicutes;c__Bacilli;o__Izemoplasmatales;f__UBA5603;g__4572-104;s__,5485483
GBGOC47_maxbin.115,82.76,0.16,0.00,anoxic,d__Bacteria;p__Planctomycetota;c__Phycisphaerae;o__Sedimentisphaerales;f__Anaerohalosphaeraceae;g__4572-13;s__4572-13 sp002084585,2764700
GBGOC47_maxbin.120,96.21,6.90,16.67,anoxic,d__Bacteria;p__Chloroflexota;c__Anaerolineae;o__B4-G1;f__B4-G1;g__B4-G1;s__B4-G1 sp003648025,5292329
GBGOC47_maxbin.125,81.88,1.10,20.00,anoxic,d__Archaea;p__Halobacteriota;c__Syntropharchaeia;o__ANME-1;f__ANME-1;g__ANME1a;s__ANME1a sp003194425,1223028
GBGOC47_maxbin.126,84.06,0.00,0.00,anoxic,d__Bacteria;p__Desulfobacterota;c__Desulfobacteria;o__Desulfobacterales;f__4572-123;g__4572-123;s__4572-123 sp002084545,3863399
GBGOC47_maxbin.131,75.34,2.50,55.56,anoxic,d__Bacteria;p__Desulfobacterota;c__Desulfuromonadia;o__Desulfuromonadales;f__Geopsychrobacteraceae;g__Desulfuromusa;s__,2653895
GBGOC47_maxbin.160,87.20,1.60,0.00,anoxic,d__Bacteria;p__Desulfobacterota;c__Desulfobacteria;o__Desulfobacterales;f__Desulfobacteraceae;g__NBML01;s__NBML01 sp002085465,4767407
GBGOC47_maxbin.167,84.31,8.68,14.29,anoxic,d__Bacteria;p__Campylobacterota;c__Campylobacteria;o__Campylobacterales;f__Sulfurimonadaceae;g__Sulfurimonas;s__,2375264
GBGOC47_maxbin.172,81.03,8.62,71.43,anoxic,d__Bacteria;p__Verrucomicrobiota;c__Kiritimatiellae;o__Kiritimatiellales;f__Pontiellaceae;g__UBA5540;s__,2357578
GBGOC47_maxbin.182,92.33,3.36,16.67,anoxic,d__Bacteria;p__Desulfobacterota;c__Dissulfuribacteria;o__Dissulfuribacterales;f__QOAL01;g__S144-17;s__,3341704
GBGOC47_maxbin.192,92.63,4.67,48.39,anoxic,d__Bacteria;p__Campylobacterota;c__Campylobacteria;o__Campylobacterales;f__Sulfurovaceae;g__Sulfurovum;s__,2801102
GBGOC47_maxbin.193,75.10,5.01,8.70,anoxic,d__Bacteria;p__Planctomycetota;c__Phycisphaerae;o__Sedimentisphaerales;f__;g__;s__,2043312
GBGOC47_maxbin.198,83.73,2.40,16.67,anoxic,d__Bacteria;p__Desulfobacterota;c__DSM-4660;o__Desulfatiglandales;f__Desulfatiglandaceae;g__Desulfacyla;s__,3162883
GBGOC47_maxbin.200,96.73,7.01,18.18,anoxic,d__Archaea;p__Thermoproteota;c__Bathyarchaeia;o__B26-1;f__UBA233;g__PIYA01;s__PIYA01 sp003601785,1694651
GBGOC47_maxbin.204,91.38,0.00,0.00,anoxic,d__Bacteria;p__Actinobacteriota;c__Acidimicrobiia;o__UBA5794;f__UBA5794;g__;s__,3018616
GBGOC47_maxbin.208,83.57,2.43,60.00,anoxic,d__Bacteria;p__Desulfobacterota;c__Desulfofervidia;o__Desulfofervidales;f__DG-60;g__;s__,1743434
GBGOC47_maxbin.217,79.43,2.38,25.00,anoxic,d__Bacteria;p__Desulfobacterota;c__Desulfuromonadia;o__Desulfuromonadales;f__Geopsychrobacteraceae;g__Desulfuromusa;s__,2695761
GBGOC47_maxbin.219,84.48,0.00,0.00,anoxic,d__Bacteria;p__Krumholzibacteriota;c__Krumholzibacteria;o__LZORAL124-64-63;f__LZORAL124-64-63;g__LZORAL124-64-63;s__,4875514
GBGOC47_maxbin.224,85.97,0.00,0.00,anoxic,d__Bacteria;p__Myxococcota;c__Bradymonadia;o__REDH01;f__;g__;s__,4547045
GBGOC47_maxbin.246,78.45,1.72,0.00,anoxic,d__Bacteria;p__Patescibacteria;c__ABY1;o__UBA2591;f__;g__;s__,2407858
GBGOC47_maxbin.260,84.89,1.02,100.00,anoxic,d__Bacteria;p__Planctomycetota;c__SZUA-567;o__;f__;g__;s__,3147933
GBGOC47_maxbin.274,79.17,0.80,100.00,anoxic,d__Bacteria;p__Desulfobacterota;c__Desulfobacteria;o__Desulfobacterales;f__JAABTS01;g__;s__,2880925
GBGOC47_maxbin.299,78.00,6.90,0.00,anoxic,d__Bacteria;p__Cloacimonadota;c__Cloacimonadia;o__Cloacimonadales;f__TCS61;g__DRTC01;s__DRTC01 sp011372345,2739798
GBGOC47_maxbin.311,77.98,0.16,100.00,anoxic,d__Bacteria;p__Thermotogota;c__Thermotogae;o__Thermotogales;f__DSM-5069;g__B6-G13;s__B6-G13 sp003641785,1328155
GBGOC47_maxbin.325,76.81,1.68,50.00,anoxic,d__Bacteria;p__Desulfobacterota;c__Desulfobulbia;o__Desulfobulbales;f__Desulfurivibrionaceae;g__;s__,3334551
GBGOC47_maxbin.338,79.91,0.00,0.00,anoxic,d__Bacteria;p__KSB1;c__UBA2214;o__AABM5-25-91;f__;g__;s__,5160971
GBGOC47_maxbin.345,82.76,0.86,20.00,anoxic,d__Bacteria;p__Proteobacteria;c__Gammaproteobacteria;o__Enterobacterales;f__Moritellaceae;g__;s__,2697321
GBGOC47_maxbin.373,78.11,2.63,0.00,anoxic,d__Bacteria;p__Krumholzibacteriota;c__Krumholzibacteria;o__LZORAL124-64-63;f__LZORAL124-64-63;g__LZORAL124-64-63;s__,5338513
GBGOC47_maxbin.377,79.78,0.86,100.00,anoxic,d__Bacteria;p__Fermentibacterota;c__Fermentibacteria;o__Fermentibacterales;f__Fermentibacteraceae;g__;s__,2852124
GBGOC47_maxbin.393,81.03,5.17,5.00,anoxic,d__Bacteria;p__Bipolaricaulota;c__Bipolaricaulia;o__UBA7950;f__UBA9294;g__M55B144;s__,2810938
GBGOC47_maxbin.413,81.42,6.90,0.00,anoxic,d__Bacteria;p__Zixibacteria;c__MSB-5A5;o__GN15;f__PGXB01;g__PGXB01;s__PGXB01 sp003641425,3666763
GBGOC47_metabat2.403,77.59,0.00,0.00,anoxic,d__Bacteria;p__KSB1;c__UBA2214;o__UBA2214;f__Zgenome-0027;g__;s__,3188532
GBGOC47_metabat2.413,86.83,0.00,0.00,anoxic,d__Bacteria;p__KSB1;c__UBA2214;o__UBA2214;f__Zgenome-0027;g__;s__,3638917
GBGOC47_metabat2.7,77.27,0.00,0.00,anoxic,d__Bacteria;p__Firmicutes_A;c__Clostridia;o__Peptostreptococcales;f__Acidaminobacteraceae;g__;s__,1660656
GBGOC47_metabat2.96,85.34,0.00,0.00,anoxic,d__Bacteria;p__Acidobacteriota;c__Aminicenantia;o__Aminicenantales;f__Aminicenantaceae_A;g__JdFR-80;s__JdFR-80 sp011042725,2058703
HRSPAC47_maxbin.011,77.16,0.31,0.00,anoxic,d__Archaea;p__Halobacteriota;c__Methanosarcinia;o__Methanosarcinales;f__Methanocomedenaceae;g__Methanomarinus;s__Methanomarinus sp002926195,1783009
HRSPAC47_maxbin.033,79.31,0.00,0.00,anoxic,d__Bacteria;p__Firmicutes_A;c__Clostridia;o__Eubacteriales;f__Eubacteriaceae;g__Acetobacterium;s__,2500564
HRSPAC47_maxbin.034,93.34,0.12,75.00,anoxic,d__Bacteria;p__Desulfobacterota;c__Desulfuromonadia;o__Desulfuromonadales;f__Desulfuromonadaceae;g__Desulfuromonas;s__Desulfuromonas sp001751155,2837388
HRSPAC47_maxbin.071,77.01,0.00,0.00,anoxic,d__Bacteria;p__Desulfobacterota;c__Desulfuromonadia;o__Desulfuromonadales;f__Desulfuromonadaceae;g__Desulfuromonas;s__Desulfuromonas sp002084665,2300405
HRSPAC47_maxbin.076,75.68,5.17,0.00,anoxic,d__Bacteria;p__Firmicutes_A;c__Clostridia;o__Tissierellales;f__Dethiosulfatibacteraceae;g__Dethiosulfatibacter;s__,6499355
HRSPAC47_maxbin.084,94.31,5.32,4.17,anoxic,d__Bacteria;p__Proteobacteria;c__Gammaproteobacteria;o__UBA6429;f__UBA6429;g__;s__,6203591
HRSPAC47_metabat2.19,84.48,0.00,0.00,anoxic,d__Bacteria;p__Bacteroidota;c__Bacteroidia;o__Flavobacteriales;f__UBA1820;g__JADGDT01;s__,3119487
HRSPAC47_metabat2.53,97.82,0.62,0.00,anoxic,d__Bacteria;p__Proteobacteria;c__Gammaproteobacteria;o__Pseudomonadales;f__Halomonadaceae;g__Halomonas;s__Halomonas sedimenti,4399421
KJ4_maxbin.001,79.15,0.00,0.00,oxic,d__Bacteria;p__Methylomirabilota;c__Methylomirabilia;o__Methylomirabilales;f__CSP1-5;g__CSP1-5;s__CSP1-5 sp012974305,2514873
KJ5_maxbin.003,83.99,1.91,88.89,oxic,d__Bacteria;p__Proteobacteria;c__Gammaproteobacteria;o__Woeseiales;f__Woeseiaceae;g__;s__,3868616
KJ5_maxbin.008,95.24,0.49,50.00,oxic,d__Bacteria;p__Proteobacteria;c__Gammaproteobacteria;o__Acidiferrobacterales;f__SPGG2;g__SPGG2;s__,4946474
KJ5_maxbin.009,87.38,1.88,100.00,oxic,d__Bacteria;p__Nitrospinota;c__UBA9942;o__;f__;g__;s__,3287228
KJ5_maxbin.010,77.59,0.00,0.00,oxic,d__Bacteria;p__Zixibacteria;c__MSB-5A5;o__UBA10806;f__UBA10806;g__;s__,3333497
KJ5_maxbin.032,76.27,5.94,0.00,oxic,d__Bacteria;p__Planctomycetota;c__Brocadiae;o__Brocadiales;f__Scalinduaceae;g__;s__,7327987
KJ6_maxbin.007,93.10,0.00,0.00,anoxic,d__Bacteria;p__Zixibacteria;c__MSB-5A5;o__UBA10806;f__UBA10806;g__;s__,2861324
KJ6_maxbin.015,81.45,1.60,0.00,anoxic,d__Bacteria;p__Desulfobacterota;c__Syntrophobacteria;o__BM002;f__BM002;g__BM002;s__,3869539
KJ6_metabat2.15,93.10,0.00,0.00,anoxic,d__Bacteria;p__Planctomycetota;c__JACQVX01;o__;f__;g__;s__,4135978
KOR52_maxbin.001,85.11,1.94,40.00,oxic,d__Bacteria;p__Proteobacteria;c__Gammaproteobacteria;o__SZUA-229;f__SZUA-229;g__JABDQW01;s__,4645981
KOR52_maxbin.002,97.47,0.94,25.00,oxic,d__Bacteria;p__Proteobacteria;c__Gammaproteobacteria;o__GCA-001735895;f__GCA-001735895;g__GCA-001735895;s__,4009257
KOR52_maxbin.004,91.57,2.90,37.50,oxic,d__Bacteria;p__Proteobacteria;c__Gammaproteobacteria;o__SZUA-229;f__SZUA-229;g__JABDQW01;s__,4151145
KOR52_maxbin.011,77.59,1.84,15.38,oxic,d__Bacteria;p__Desulfobacterota;c__Desulfobulbia;o__Desulfobulbales;f__Desulfocapsaceae;g__JABDQA01;s__JABDQA01 sp905479735,3741082
KOR52_maxbin.020,76.11,1.83,66.67,oxic,d__Bacteria;p__Bacteroidota;c__Bacteroidia;o__Cytophagales;f__Cyclobacteriaceae;g__JAGTVG01;s__,4910242
KOR52_maxbin.027,75.69,4.12,18.18,oxic,d__Bacteria;p__Proteobacteria;c__Gammaproteobacteria;o__Chromatiales;f__Sedimenticolaceae;g__41T-STBD-0c-01a;s__,3542990
KOR52_maxbin.116,77.42,2.36,10.00,oxic,d__Bacteria;p__Proteobacteria;c__Gammaproteobacteria;o__Pseudomonadales;f__HTCC2089;g__UBA4421;s__,3768891
KOR52_metabat2.201,78.48,6.88,3.23,oxic,d__Bacteria;p__Proteobacteria;c__Gammaproteobacteria;o__Woeseiales;f__Woeseiaceae;g__;s__,5317827
KOR58_maxbin.006,75.68,2.64,21.43,oxic,d__Bacteria;p__Proteobacteria;c__Gammaproteobacteria;o__Woeseiales;f__Woeseiaceae;g__JAACFE01;s__JAACFE01 sp009937505,2774360
KOR58_maxbin.010,87.40,4.51,16.67,oxic,d__Archaea;p__Thermoproteota;c__Nitrososphaeria;o__Nitrososphaerales;f__Nitrosopumilaceae;g__Nitrosopumilus;s__,1442308
KOR58_maxbin.012,98.88,1.97,0.00,oxic,d__Bacteria;p__Proteobacteria;c__Gammaproteobacteria;o__GCA-001735895;f__GCA-001735895;g__GCA-001735895;s__GCA-001735895 sp009937625,3860378
KOR58_maxbin.016,80.77,1.02,50.00,oxic,d__Bacteria;p__Desulfobacterota;c__Syntrophobacteria;o__BM002;f__BM002;g__BM002;s__,4511955
KOR58_maxbin.017,91.96,1.64,75.00,oxic,d__Bacteria;p__Desulfobacterota;c__Desulfuromonadia;o__Desulfuromonadales;f__BM103;g__M0040;s__,3602436
KOR58_metabat2.14,86.96,2.24,22.22,oxic,d__Bacteria;p__Proteobacteria;c__Alphaproteobacteria;o__Rhodobacterales;f__Rhodobacteraceae;g__Roseobacter;s__,2950138
LOKART30_maxbin.038,77.72,0.00,0.00,anoxic,d__Bacteria;p__Patescibacteria;c__Paceibacteria;o__Paceibacterales;f__RBG-13-36-15;g__RBG-13-36-15;s__RBG-13-36-15 sp011050465,754296
LOKART30_maxbin.040,84.87,0.00,0.00,anoxic,d__Bacteria;p__Proteobacteria;c__Gammaproteobacteria;o__Acidiferrobacterales;f__SZUA-150;g__;s__,3342200
LOKART30_maxbin.045,75.72,2.47,11.11,anoxic,d__Bacteria;p__Planctomycetota;c__Phycisphaerae;o__Sedimentisphaerales;f__Anaerohalosphaeraceae;g__B28-G16;s__,3980476
LOKART30_maxbin.061,76.72,0.86,100.00,anoxic,d__Bacteria;p__Dependentiae;c__Babeliae;o__Babeliales;f__Vermiphilaceae;g__;s__,1034083
LOKART30_maxbin.065,78.00,6.76,7.14,anoxic,d__Bacteria;p__Myxococcota_A;c__UBA9160;o__UBA9160;f__SMWR01;g__;s__,3760070
LOKART30_maxbin.066,75.80,6.90,100.00,anoxic,d__Bacteria;p__Chloroflexota;c__Dehalococcoidia;o__SM23-28-2;f__RBG-16-64-32;g__RBG-16-64-32;s__,3316999
LOKART30_maxbin.069,90.52,6.90,0.00,anoxic,d__Bacteria;p__Spirochaetota;c__B62-G9;o__B62-G9;f__B62-G9;g__DRHN01;s__DRHN01 sp011049595,3873315
LOKART30_maxbin.072,75.00,0.00,0.00,anoxic,d__Bacteria;p__Planctomycetota;c__Phycisphaerae;o__SM23-33;f__SM23-33;g__;s__,3885644
LOKART30_maxbin.077,75.00,0.00,0.00,anoxic,d__Bacteria;p__Actinobacteriota;c__Acidimicrobiia;o__UBA2766;f__;g__;s__,3105032
LOKART30_maxbin.079,84.44,2.19,40.00,anoxic,d__Bacteria;p__Desulfobacterota;c__Desulfobacteria;o__Desulfobacterales;f__UBA2156;g__UBA2156;s__UBA2156 sp011049715,3991203
LOKART30_maxbin.081,90.44,0.16,100.00,anoxic,d__Bacteria;p__BMS3Abin14;c__BMS3Abin14;o__BMS3Abin14;f__JAFGWO01;g__;s__,4673923
LOKART30_maxbin.083,84.48,0.00,0.00,anoxic,d__Bacteria;p__AABM5-125-24;c__BMS3BBIN04;o__BMS3BBIN04;f__BMS3BBIN04;g__;s__,2881276
LOKART30_maxbin.084,98.28,0.00,0.00,anoxic,d__Bacteria;p__Abyssubacteria;c__SURF-5;o__;f__;g__;s__,4088543
LOKART30_maxbin.085,82.76,0.00,0.00,anoxic,d__Bacteria;p__Nitrospinota;c__UBA7883;o__JACRGQ01;f__;g__;s__,2705458
LOKART30_maxbin.087,78.68,1.95,0.00,anoxic,d__Bacteria;p__Bacteroidota;c__Bacteroidia;o__Bacteroidales;f__SM23-62;g__SM23-62;s__SM23-62 sp011053095,5223092
LOKART30_maxbin.092,79.62,0.16,0.00,anoxic,d__Bacteria;p__Gemmatimonadota;c__Glassbacteria;o__GWA2-58-10;f__;g__;s__,4208651
LOKART30_maxbin.097,81.03,0.00,0.00,anoxic,d__Bacteria;p__Planctomycetota;c__Phycisphaerae;o__Sedimentisphaerales;f__Anaerohalosphaeraceae;g__;s__,3589593
LOKART30_maxbin.099,75.71,3.61,42.86,anoxic,d__Bacteria;p__Planctomycetota;c__Planctomycetia;o__Pirellulales;f__Thermoguttaceae;g__;s__,6378287
LOKART30_maxbin.107,91.90,0.00,0.00,anoxic,d__Bacteria;p__Myxococcota;c__Polyangia;o__JAAYKL01;f__;g__;s__,6401375
LOKART30_maxbin.109,94.36,2.31,0.00,anoxic,d__Bacteria;p__Bacteroidota;c__Bacteroidia;o__Bacteroidales;f__GCA-2748055;g__GCA-2748055;s__,6184559
LOKART30_maxbin.114,93.10,3.45,0.00,anoxic,d__Bacteria;p__Hydrogenedentota;c__Hydrogenedentia;o__Hydrogenedentiales;f__SLHB01;g__;s__,9561367
LOKART30_maxbin.122,88.84,0.00,0.00,anoxic,d__Bacteria;p__Actinobacteriota;c__Thermoleophilia;o__Solirubrobacterales;f__;g__;s__,2155965
LOKART30_maxbin.146,80.64,11.21,77.78,anoxic,d__Bacteria;p__Actinobacteriota;c__;o__;f__;g__;s__,1754404
LOKART30_maxbin.153,89.50,0.16,0.00,anoxic,d__Bacteria;p__Actinobacteriota;c__Aquicultoria;o__;f__;g__;s__,1628680
LOKART30_maxbin.158,77.19,3.45,0.00,anoxic,d__Bacteria;p__Planctomycetota;c__Planctomycetia;o__Pirellulales;f__Thermoguttaceae;g__JAFGRD01;s__,7970357
LOKART30_maxbin.175,84.50,3.76,40.00,anoxic,d__Bacteria;p__Planctomycetota;c__Planctomycetia;o__Pirellulales;f__PALSA-1355;g__;s__,6660037
LOKART30_maxbin.177,89.78,2.20,0.00,anoxic,d__Bacteria;p__Desulfobacterota;c__Desulfobacteria;o__Desulfobacterales;f__UBA2156;g__;s__,5782413
LOKART30_maxbin.190,75.72,8.78,20.00,anoxic,d__Bacteria;p__Actinobacteriota;c__Acidimicrobiia;o__UBA5794;f__UBA5794;g__;s__,4580862
LOKART30_metabat2.139,78.97,0.77,50.00,anoxic,d__Bacteria;p__Bacteroidota;c__Bacteroidia;o__Cytophagales;f__Cyclobacteriaceae;g__SZUA-230;s__,4499975
LOKART60_maxbin.005,83.23,3.91,16.67,anoxic,d__Bacteria;p__Chlamydiota;c__Chlamydiia;o__Chlamydiales;f__SM23-39;g__JAAKFX01;s__JAAKFX01 sp011064875,1779049
LOKART60_maxbin.008,80.88,0.16,100.00,anoxic,d__Bacteria;p__Chloroflexota;c__Dehalococcoidia;o__Dehalococcoidales;f__W498;g__;s__,1270050
LOKART60_maxbin.012,86.26,2.73,0.00,anoxic,d__Bacteria;p__Planctomycetota;c__Phycisphaerae;o__Sedimentisphaerales;f__SG8-4;g__CS2-K091;s__,4400612
LOKART60_maxbin.018,86.91,0.00,0.00,anoxic,d__Bacteria;p__Chloroflexota;c__Dehalococcoidia;o__Dehalococcoidales;f__RBG-16-60-22;g__E44-bin89;s__E44-bin89 sp004375725,1907575
LOKART60_maxbin.019,86.21,0.00,0.00,anoxic,d__Bacteria;p__Zixibacteria;c__MSB-5A5;o__GN15;f__FEB-12;g__;s__,3147407
LOKART60_maxbin.022,77.34,1.77,11.11,anoxic,d__Bacteria;p__Chlamydiota;c__Chlamydiia;o__Chlamydiales;f__SM23-39;g__JAAKFX01;s__JAAKFX01 sp011064905,1691012
LOKART60_maxbin.025,81.34,1.60,57.14,anoxic,d__Bacteria;p__Desulfobacterota;c__DSM-4660;o__Desulfatiglandales;f__B25-G16;g__B33-G16;s__,3458923
LOKART60_maxbin.026,80.83,1.60,40.00,anoxic,d__Bacteria;p__Desulfobacterota;c__Desulfobacteria;o__C00003060;f__C00003060;g__;s__,4507673
LOKART60_maxbin.034,77.59,0.86,0.00,anoxic,d__Bacteria;p__Chloroflexota;c__Anaerolineae;o__VGOG01;f__VGOG01;g__VGOG01;s__,5264968
LOKART60_maxbin.042,77.95,5.67,33.33,anoxic,d__Bacteria;p__Atribacterota;c__JS1;o__SB-45;f__34-128;g__;s__,3456445
LOKART60_maxbin.043,82.55,4.70,25.00,anoxic,d__Bacteria;p__Chloroflexota;c__Anaerolineae;o__Anaerolineales;f__E44-bin32;g__E44-bin32;s__,4901052
LOKART60_maxbin.045,96.64,0.08,100.00,anoxic,d__Bacteria;p__Proteobacteria;c__Gammaproteobacteria;o__Acidiferrobacterales;f__SZUA-150;g__;s__,3542036
LOKART60_maxbin.049,84.64,3.45,0.00,anoxic,d__Bacteria;p__Actinobacteriota;c__Humimicrobiia;o__Humimicrobiales;f__Humimicrobiaceae;g__M55B120;s__,2561181
LOKART60_maxbin.052,90.41,0.86,0.00,anoxic,d__Bacteria;p__Desulfobacterota;c__Desulfobacteria;o__C00003060;f__C00003060;g__C00003060;s__,4748773
LOKART60_maxbin.054,94.83,0.16,0.00,anoxic,d__Bacteria;p__Chlamydiota;c__Chlamydiia;o__Chlamydiales;f__Rhabdochlamydiaceae;g__JAAKFS01;s__JAAKFS01 sp011064965,1566680
LOKART60_maxbin.062,98.28,0.00,0.00,anoxic,d__Bacteria;p__Armatimonadota;c__UBA5377;o__UBA5377;f__JAAYIR01;g__;s__,2768301
LOKART60_maxbin.064,91.38,1.02,100.00,anoxic,d__Bacteria;p__Bacteroidota;c__Bacteroidia;o__Bacteroidales;f__VadinHA17;g__JADFUQ01;s__,3789342
LOKART60_maxbin.066,84.15,0.16,0.00,anoxic,d__Bacteria;p__Planctomycetota;c__Phycisphaerae;o__UBA1845;f__UBA1845;g__;s__,8379063
LOKART60_maxbin.071,91.03,0.00,0.00,anoxic,d__Bacteria;p__Omnitrophota;c__Koll11;o__B26-G9;f__B26-G9;g__;s__,2229970
LOKART60_maxbin.080,93.10,1.72,0.00,anoxic,d__Bacteria;p__Zixibacteria;c__MSB-5A5;o__UBA10806;f__UBA10806;g__;s__,3126516
LOKART60_maxbin.140,78.22,0.16,0.00,anoxic,d__Bacteria;p__Planctomycetota;c__DG-23;o__;f__;g__;s__,3217535
LOKART60_metabat2.178,77.45,0.00,0.00,anoxic,d__Bacteria;p__BMS3Abin14;c__BMS3Abin14;o__BMS3Abin14;f__BMS3Abin14;g__SZUA-178;s__,1900203
LOKART62_maxbin.021,88.66,0.00,0.00,anoxic,d__Bacteria;p__Proteobacteria;c__Gammaproteobacteria;o__Acidiferrobacterales;f__SZUA-150;g__;s__,2101696
LOKART62_maxbin.022,75.86,0.00,0.00,anoxic,d__Bacteria;p__RBG-13-66-14;c__RBG-13-66-14;o__RBG-13-66-14;f__RBG-13-66-14;g__RBG-13-66-14;s__,3299939
LOKART62_maxbin.027,78.45,1.72,100.00,anoxic,d__Bacteria;p__Armatimonadota;c__CAIYQO01;o__WVXJ01;f__DTIZ01;g__;s__,2556644
LOKART62_maxbin.041,95.69,0.00,0.00,anoxic,d__Bacteria;p__RBG-13-66-14;c__B26-G2;o__WVWN01;f__WVWN01;g__WVWN01;s__,2740267
LOKART62_maxbin.042,77.04,3.19,40.00,anoxic,d__Bacteria;p__Planctomycetota;c__Planctomycetia;o__Pirellulales;f__Thermoguttaceae;g__;s__,5533396
LOKART62_maxbin.047,94.67,1.60,33.33,anoxic,d__Bacteria;p__Desulfobacterota;c__Desulfobacteria;o__Desulfobacterales;f__UBA11574;g__;s__,4267693
LOKART62_maxbin.048,89.66,0.16,0.00,anoxic,d__Bacteria;p__BMS3Abin14;c__BMS3Abin14;o__BMS3Abin14;f__JAFGWO01;g__;s__,2840827
LOKART62_maxbin.053,93.97,0.00,0.00,anoxic,d__Bacteria;p__Chlamydiota;c__Chlamydiia;o__Chlamydiales;f__Rhabdochlamydiaceae;g__SZUA-160;s__SZUA-160 sp011065225,1749583
LOKART62_maxbin.059,82.17,0.46,100.00,anoxic,d__Bacteria;p__Desulfobacterota;c__Desulfobacteria;o__C00003060;f__C00003060;g__;s__,2909611
LOKART62_maxbin.065,86.21,0.00,0.00,anoxic,d__Bacteria;p__Actinobacteriota;c__;o__;f__;g__;s__,2887676
LOKART62_maxbin.070,96.55,0.16,100.00,anoxic,d__Bacteria;p__Armatimonadota;c__UBA5377;o__UBA5377;f__JAAYIR01;g__;s__,2546856
LOKART62_maxbin.073,79.62,4.86,11.29,anoxic,d__Bacteria;p__Aerophobota;c__Aerophobia;o__Aerophobales;f__AE-B3A;g__SOJT01;s__,1519874
LOKART62_maxbin.077,91.38,0.00,0.00,anoxic,d__Bacteria;p__Chloroflexota;c__Anaerolineae;o__Anaerolineales;f__E44-bin32;g__E44-bin32;s__,4764512
LOKART62_maxbin.088,90.05,0.16,100.00,anoxic,d__Bacteria;p__Chloroflexota;c__Anaerolineae;o__Anaerolineales;f__E44-bin32;g__;s__,4403005
LOKART62_maxbin.095,79.41,1.96,70.59,anoxic,d__Bacteria;p__Proteobacteria;c__Alphaproteobacteria;o__Rhizobiales;f__Hyphomicrobiaceae;g__Hyphomicrobium_A;s__,3133980
LOKART62_maxbin.108,82.60,0.00,0.00,anoxic,d__Bacteria;p__Acidobacteriota;c__Aminicenantia;o__Aminicenantales;f__Aminicenantaceae;g__;s__,3148096
LOKART62_maxbin.111,85.34,0.16,100.00,anoxic,d__Bacteria;p__Chloroflexota;c__Dehalococcoidia;o__SM23-28-2;f__RBG-16-64-32;g__CF-162;s__,2826089
LOKART62_maxbin.119,98.28,0.00,0.00,anoxic,d__Bacteria;p__Krumholzibacteriota;c__Krumholzibacteria;o__Krumholzibacteriales;f__Krumholzibacteriaceae;g__;s__,3212099
LOKART62_maxbin.134,96.55,0.34,100.00,anoxic,d__Bacteria;p__Zixibacteria;c__MSB-5A5;o__DSPP01;f__;g__;s__,3976701
LOKART62_maxbin.136,87.30,0.00,0.00,anoxic,d__Bacteria;p__Actinobacteriota;c__Humimicrobiia;o__Humimicrobiales;f__Humimicrobiaceae;g__;s__,2048619
LOKART62_maxbin.143,85.34,0.00,0.00,anoxic,d__Bacteria;p__Dependentiae;c__Babeliae;o__Babeliales;f__CAIQNR01;g__;s__,1547153
LOKART62_maxbin.156,90.52,0.00,0.00,anoxic,d__Bacteria;p__Fermentibacterota;c__Fermentibacteria;o__Fermentibacterales;f__Fermentibacteraceae;g__;s__,2472713
LOKART62_maxbin.158,87.15,5.17,0.00,anoxic,d__Bacteria;p__Chlamydiota;c__Chlamydiia;o__Chlamydiales;f__Rhabdochlamydiaceae;g__SZUA-160;s__SZUA-160 sp011065235,2362198
LOKART62_maxbin.164,80.23,3.74,7.14,anoxic,d__Archaea;p__Thermoproteota;c__Bathyarchaeia;o__TCS64;f__TCS64;g__RBG-16-57-9;s__,4285028
LOKART62_maxbin.166,78.60,1.04,66.67,anoxic,d__Bacteria;p__Proteobacteria;c__Alphaproteobacteria;o__Rhizobiales;f__Methyloligellaceae;g__;s__,1832262
LOKART62_maxbin.188,91.38,0.00,0.00,anoxic,d__Bacteria;p__Acidobacteriota;c__Vicinamibacteria;o__Bin61;f__;g__;s__,7219329
LOKART62_maxbin.191,83.31,6.90,0.00,anoxic,d__Bacteria;p__Planctomycetota;c__Phycisphaerae;o__SM23-33;f__SM23-33;g__;s__,4330404
LOKART62_maxbin.222,76.65,1.57,18.75,anoxic,d__Bacteria;p__Actinobacteriota;c__Acidimicrobiia;o__UBA5794;f__ZC4RG35;g__SZUA-217;s__,5469025
LOKART62_maxbin.226,76.54,8.70,8.96,anoxic,d__Bacteria;p__Proteobacteria;c__Alphaproteobacteria;o__Rhizobiales;f__Methyloligellaceae;g__Methyloceanibacter;s__,2490431
LOKART62_maxbin.231,86.10,1.72,33.33,anoxic,d__Bacteria;p__Zixibacteria;c__MSB-5A5;o__UBA10806;f__UBA10806;g__;s__,3463380
LOKART62_metabat2.230,82.76,0.00,0.00,anoxic,d__Bacteria;p__Dependentiae;c__Babeliae;o__Babeliales;f__Vermiphilaceae;g__;s__,1014079
LOKART62_metabat2.64,75.50,3.27,0.00,anoxic,d__Bacteria;p__Chloroflexota;c__Dehalococcoidia;o__Dehalococcoidales;f__JAHJRU01;g__;s__,1049035
LOKART95_maxbin.015,86.02,1.34,0.00,anoxic,d__Bacteria;p__Chloroflexota;c__Dehalococcoidia;o__Dehalococcoidales;f__UBA5760;g__UBA5760;s__,1519012
LOKART95_maxbin.017,81.90,0.86,0.00,anoxic,d__Bacteria;p__Patescibacteria;c__GCA-2792135;o__;f__;g__;s__,1002111
LOKART95_maxbin.019,80.39,0.27,100.00,anoxic,d__Bacteria;p__Desulfobacterota;c__DSM-4660;o__Desulfatiglandales;f__B25-G16;g__B33-G16;s__,2456729
LOKART95_maxbin.030,89.50,3.45,0.00,anoxic,d__Bacteria;p__Patescibacteria;c__Kazan-3B-28;o__Kazan-3B-28;f__UBA10110;g__;s__,2649530
LOKART95_maxbin.039,87.57,2.40,0.00,anoxic,d__Bacteria;p__Desulfobacterota;c__DSM-4660;o__Desulfatiglandales;f__B25-G16;g__B33-G16;s__,2699379
LOKART95_maxbin.042,82.76,0.00,0.00,anoxic,d__Bacteria;p__Acidobacteriota;c__Thermoanaerobaculia;o__Thermoanaerobaculales;f__FEB-10;g__JACXWA01;s__,5285089
LOKART95_maxbin.043,85.19,0.16,100.00,anoxic,d__Bacteria;p__Chloroflexota;c__Dehalococcoidia;o__Dehalococcoidales;f__E44-bin46;g__E44-bin46;s__,1321240
LOKART95_maxbin.047,92.93,0.00,0.00,anoxic,d__Bacteria;p__Actinobacteriota;c__Humimicrobiia;o__Humimicrobiales;f__Humimicrobiaceae;g__M55B120;s__,1989425
LOKART95_maxbin.054,93.45,0.00,0.00,anoxic,d__Bacteria;p__Gemmatimonadota;c__Gemmatimonadetes;o__Longimicrobiales;f__UBA6960;g__;s__,3812990
LOKART95_maxbin.057,78.13,0.16,0.00,anoxic,d__Bacteria;p__Dependentiae;c__Babeliae;o__Babeliales;f__Vermiphilaceae;g__;s__,1230832
LOKART95_maxbin.059,87.93,2.23,66.67,anoxic,d__Bacteria;p__BMS3Abin14;c__BMS3Abin14;o__BMS3Abin14;f__;g__;s__,4042783
LOKART95_maxbin.061,85.91,3.20,14.29,anoxic,d__Bacteria;p__Desulfobacterota;c__Desulfobacteria;o__C00003060;f__C00003060;g__;s__,4942932
LOKART95_maxbin.080,79.52,2.80,25.00,anoxic,d__Archaea;p__Asgardarchaeota;c__Thorarchaeia;o__Thorarchaeales;f__Thorarchaeaceae;g__MP8T-1;s__,4505973
LOKART95_maxbin.092,76.53,1.29,100.00,anoxic,d__Bacteria;p__Proteobacteria;c__Alphaproteobacteria;o__Rhizobiales;f__Hyphomicrobiaceae;g__Hyphomicrobium_A;s__,3461162
LOKART95_maxbin.126,84.01,2.04,33.33,anoxic,d__Bacteria;p__UBP14;c__;o__;f__;g__;s__,4408114
LOKART95_maxbin.129,84.69,0.00,0.00,anoxic,d__Bacteria;p__4484-113;c__;o__;f__;g__;s__,4875905
LOKART95_metabat2.154,85.34,6.90,0.00,anoxic,d__Bacteria;p__Planctomycetota;c__Phycisphaerae;o__SM23-33;f__SM23-33;g__;s__,5625121
LOKART95_metabat2.169,87.77,0.00,0.00,anoxic,d__Bacteria;p__Patescibacteria;c__UBA1384;o__XYA2-FULL-43-10;f__XYA2-FULL-43-10;g__;s__,769701
MARPAC23_maxbin.015,92.24,5.71,52.63,oxic,d__Bacteria;p__Proteobacteria;c__Gammaproteobacteria;o__GCA-001735895;f__GCA-001735895;g__GCA-001735895;s__,3254836
MARPAC23_maxbin.026,86.99,7.24,71.43,oxic,d__Bacteria;p__Acidobacteriota;c__Vicinamibacteria;o__Vicinamibacterales;f__UBA8438;g__NP936;s__,5790510
MARPAC23_maxbin.030,84.03,0.00,0.00,oxic,d__Bacteria;p__Proteobacteria;c__Gammaproteobacteria;o__UBA6522;f__UBA6522;g__SMWC01;s__,4021190
MARPAC23_maxbin.032,93.10,3.76,40.00,oxic,d__Bacteria;p__Acidobacteriota;c__UBA6911;o__RPQK01;f__;g__;s__,4514714
MARPAC23_metabat2.46,77.60,1.69,33.33,oxic,d__Bacteria;p__Proteobacteria;c__Gammaproteobacteria;o__UBA6522;f__UBA6522;g__SMWC01;s__SMWC01 sp004357505,1893830
MARPAC23_metabat2.56,84.46,0.19,0.00,oxic,d__Bacteria;p__Proteobacteria;c__Gammaproteobacteria;o__Pseudomonadales;f__HTCC2089;g__SMWK01;s__SMWK01 sp004356895,3425106
SMMPAC33_maxbin.009,75.67,5.33,31.25,anoxic,d__Archaea;p__Halobacteriota;c__Methanosarcinia;o__Methanosarcinales;f__Methanocomedenaceae;g__Methanocomedens;s__,2141269
SMMPAC33_maxbin.028,85.29,2.46,33.33,anoxic,d__Bacteria;p__Desulfobacterota;c__Desulfobacteria;o__C00003060;f__C00003060;g__S7086C20;s__S7086C20 sp001751075,2416761
SMMPAC33_maxbin.031,90.97,1.51,0.00,anoxic,d__Archaea;p__Asgardarchaeota;c__Heimdallarchaeia;o__JABLTI01;f__JABLTI01;g__JABLTI01;s__,3893685
SMMPAC33_maxbin.049,78.45,1.72,100.00,anoxic,d__Bacteria;p__Spirochaetota;c__Spirochaetia;o__DSM-27196;f__SLST01;g__JAHOYX01;s__,6199723
SMMPAC33_maxbin.077,88.79,1.39,100.00,anoxic,d__Bacteria;p__Acidobacteriota;c__Aminicenantia;o__Aminicenantales;f__Aminicenantaceae;g__;s__,3626764
SMMPAC33_maxbin.131,96.55,0.16,0.00,anoxic,d__Bacteria;p__Planctomycetota;c__;o__;f__;g__;s__,4091886
SMMPAC33_metabat2.104,77.81,0.00,0.00,anoxic,d__Archaea;p__Asgardarchaeota;c__Heimdallarchaeia;o__JABLTI01;f__JABLTI01;g__JABLTI01;s__,3329364
SMMPAC33_metabat2.15,75.94,0.00,0.00,anoxic,d__Bacteria;p__Desulfobacterota;c__DSM-4660;o__Desulfatiglandales;f__Desulfatiglandaceae;g__;s__,3060546
SMMPAC33_metabat2.190,87.46,0.00,0.00,anoxic,d__Bacteria;p__QNDG01;c__QNDG01;o__QNDG01;f__DSAB01;g__;s__,4550511
SMMPAC33_metabat2.56,85.75,1.54,50.00,anoxic,d__Bacteria;p__Proteobacteria;c__Alphaproteobacteria;o__Rhizobiales;f__Methyloligellaceae;g__Methyloceanibacter;s__,2087671
SMMPAC46_maxbin.019,77.59,3.76,20.00,anoxic,d__Bacteria;p__WOR-3;c__WOR-3;o__SM23-42;f__SM23-42;g__SOIY01;s__,4886356
SMMPAC46_maxbin.024,85.12,1.97,9.52,anoxic,d__Archaea;p__Halobacteriota;c__Methanosarcinia;o__Methanosarcinales;f__Methanocomedenaceae;g__Methanomarinus;s__Methanomarinus sp002926195,4038498
SMMPAC46_maxbin.041,79.31,0.00,0.00,anoxic,d__Bacteria;p__Chloroflexota;c__Anaerolineae;o__Promineofilales;f__UBA4811;g__GLR113;s__GLR113 sp013139935,3733277
SMMPAC46_maxbin.052,90.32,9.12,11.43,anoxic,d__Bacteria;p__Proteobacteria;c__Gammaproteobacteria;o__SZUA-229;f__SZUA-229;g__JABDQW01;s__,4097337
SMMPAC46_maxbin.061,79.21,0.16,0.00,anoxic,d__Bacteria;p__RBG-13-66-14;c__B26-G2;o__WVWN01;f__WVWN01;g__WVWN01;s__,2105596